-- MySQL dump 10.13  Distrib 8.0.18, for macos10.14 (x86_64)
--
-- Host: localhost    Database: wavesdb
-- ------------------------------------------------------
-- Server version	8.0.18

/*!40101 SET @OLD_CHARACTER_SET_CLIENT=@@CHARACTER_SET_CLIENT */;
/*!40101 SET @OLD_CHARACTER_SET_RESULTS=@@CHARACTER_SET_RESULTS */;
/*!40101 SET @OLD_COLLATION_CONNECTION=@@COLLATION_CONNECTION */;
/*!50503 SET NAMES utf8 */;
/*!40103 SET @OLD_TIME_ZONE=@@TIME_ZONE */;
/*!40103 SET TIME_ZONE='+00:00' */;
/*!40014 SET @OLD_UNIQUE_CHECKS=@@UNIQUE_CHECKS, UNIQUE_CHECKS=0 */;
/*!40014 SET @OLD_FOREIGN_KEY_CHECKS=@@FOREIGN_KEY_CHECKS, FOREIGN_KEY_CHECKS=0 */;
/*!40101 SET @OLD_SQL_MODE=@@SQL_MODE, SQL_MODE='NO_AUTO_VALUE_ON_ZERO' */;
/*!40111 SET @OLD_SQL_NOTES=@@SQL_NOTES, SQL_NOTES=0 */;

--
-- Table structure for table `applications`
--

DROP TABLE IF EXISTS `applications`;
/*!40101 SET @saved_cs_client     = @@character_set_client */;
/*!50503 SET character_set_client = utf8mb4 */;
CREATE TABLE `applications` (
  `id` int(11) NOT NULL AUTO_INCREMENT,
  `user_id` varchar(128) NOT NULL,
  `text` text,
  `state` enum('WAITING','ACCEPTED','REJECTED') NOT NULL DEFAULT 'WAITING',
  `poolevent_id` int(11) NOT NULL,
  `edited_at` timestamp NOT NULL DEFAULT CURRENT_TIMESTAMP ON UPDATE CURRENT_TIMESTAMP,
  `created_at` timestamp NOT NULL DEFAULT CURRENT_TIMESTAMP,
  PRIMARY KEY (`id`),
  UNIQUE KEY `uq_uid_peid` (`user_id`,`poolevent_id`),
  KEY `fk_poolevent_idx` (`poolevent_id`),
  KEY `fk_user_idx` (`user_id`)
) ENGINE=InnoDB AUTO_INCREMENT=97 DEFAULT CHARSET=utf8mb4 COLLATE=utf8mb4_0900_ai_ci;
/*!40101 SET character_set_client = @saved_cs_client */;

--
-- Dumping data for table `applications`
--

LOCK TABLES `applications` WRITE;
/*!40000 ALTER TABLE `applications` DISABLE KEYS */;
INSERT INTO `applications` VALUES (83,'4a74141e-c2c0-46a0-9c0c-84bef8be7d0f','Lorem ipsum dolor sit amet, consectetur adipiscing elit. Etiam et fermentum dui.','WAITING',0,'2020-02-09 22:33:43','2020-02-09 22:33:43'),(85,'4a74141e-c2c0-46a0-9c0c-84bef8be7d0f','Lorem ipsum dolor sit amet, consectetur adipiscing elit. Etiam et fermentum dui. Ut orci quam, ornare sed lorem sed, hendrerit auctor dolor. Nulla viverra, nibh quis ultrices malesuada, ligula ipsum vulputate diam, aliquam egestas nibh ante vel dui. Sed in tellus interdum eros vulputate placerat sed non enim. Pellentesque eget justo porttitor urna dictum fermentum sit amet sed mauris. Praesent molestie vestibulum erat ac rhoncus. Aenean nunc risus, accumsan nec ipsum et, convallis sollicitudin dui. Proin dictum quam a semper malesuada. Etiam porta sit amet risus quis porta. Nulla facilisi. Cras at interdum ante. Ut gravida pharetra ligula vitae malesuada. Sed eget libero et arcu tempor tincidunt in ac lectus. Maecenas vitae felis enim. In in tellus consequat, condimentum eros vitae, lacinia risus. Sed vehicula sem sed risus volutpat elementum.\n\nNunc accumsan tempus nunc ac aliquet. Integer non ullamcorper eros, in rutrum velit. Proin cursus orci sit amet lobortis iaculis. Praesent cond','ACCEPTED',465,'2020-02-10 14:18:11','2020-02-09 22:40:22'),(86,'8d411dc4-e76f-4d0e-a027-056a0bc43be5','Lorem ipsum dolor sit amet, consectetur adipiscing elit. Etiam et fermentum dui. Ut orci quam, ornare sed lorem sed, hendrerit auctor dolor. Nulla viverra, nibh quis ultrices malesuada, ligula ipsum vulputate diam, aliquam egestas nibh ante vel dui. Sed in tellus interdum eros vulputate placerat sed non enim. Pellentesque eget justo porttitor urna dictum fermentum sit amet sed mauris. Praesent molestie vestibulum erat ac rhoncus. Aenean nunc risus, accumsan nec ipsum et, convallis sollicitudin dui. Proin dictum quam a semper malesuada. Etiam porta sit amet risus quis porta. Nulla facilisi. Cras at interdum ante. Ut gravida pharetra ligula vitae malesuada. Sed eget libero et arcu tempor tincidunt in ac lectus. Maecenas vitae felis enim. In in tellus consequat, condimentum eros vitae, lacinia risus. Sed vehicula sem sed risus volutpat elementum.\n\nNunc accumsan tempus nunc ac aliquet. Integer non ullamcorper eros, in rutrum velit. Proin cursus orci sit amet lobortis iaculis. Praesent cond','REJECTED',465,'2020-02-10 15:32:06','2020-02-09 22:51:11'),(87,'8d411dc4-e76f-4d0e-a027-056a0bc43be5','Lorem ipsum dolor sit amet, consectetur adipiscing elit. Etiam et fermentum dui. Ut orci quam, ornare sed lorem sed, hendrerit auctor dolor. Nulla viverra, nibh quis ultrices malesuada, ligula ipsum vulputate diam, aliquam egestas nibh ante vel dui. Sed in tellus interdum eros vulputate placerat sed non enim. Pellentesque eget justo porttitor urna dictum fermentum sit amet sed mauris. Praesent molestie vestibulum erat ac rhoncus. Aenean nunc risus, accumsan nec ipsum et, convallis sollicitudin dui. Proin dictum quam a semper malesuada. Etiam porta sit amet risus quis porta. Nulla facilisi. Cras at interdum ante. Ut gravida pharetra ligula vitae malesuada.','REJECTED',485,'2020-02-10 20:56:01','2020-02-10 20:51:48'),(89,'8d411dc4-e76f-4d0e-a027-056a0bc43be5','Lorem ipsum dolor sit amet, consectetur adipiscing elit. Etiam et fermentum dui. Ut orci quam, ornare sed lorem sed, hendrerit auctor dolor. Nulla viverra, nibh quis ultrices malesuada, ligula ipsum vulputate diam, aliquam egestas nibh ante vel dui. Sed in tellus interdum eros vulputate placerat sed non enim. Pellentesque eget justo porttitor urna dictum fermentum sit amet sed mauris. Praesent molestie vestibulum erat ac rhoncus. Aenean nunc risus, accumsan nec ipsum et, convallis sollicitudin dui. Proin dictum quam a semper malesuada. Etiam porta sit amet risus quis porta. Nulla facilisi. Cras at interdum ante. Ut gravida pharetra ligula vitae malesuada.','ACCEPTED',490,'2020-02-10 21:07:31','2020-02-10 21:06:45'),(90,'8d411dc4-e76f-4d0e-a027-056a0bc43be5','Lorem ipsum dolor sit amet, consectetur adipiscing elit. Etiam et fermentum dui. Ut orci quam, ornare sed lorem sed, hendrerit auctor dolor. Nulla viverra, nibh quis ultrices malesuada, ligula ipsum.','ACCEPTED',497,'2020-02-12 22:16:23','2020-02-10 21:11:22'),(91,'8d411dc4-e76f-4d0e-a027-056a0bc43be5','Lorem ipsum dolor sit amet, consectetur adipiscing elit. Etiam et fermentum dui. Ut orci quam, ornare sed lorem sed, hendrerit auctor dolor. Nulla viverra, nibh quis ultrices malesuada, ligula ipsum vulputate diam, aliquam egestas nibh ante vel dui. Sed in tellus interdum eros vulputate placerat sed non enim. Pellentesque eget justo porttitor urna dictum fermentum sit amet sed mauris. Praesent molestie vestibulum erat ac rhoncus. Aenean nunc risus, accumsan nec ipsum et, convallis sollicitudin dui. Proin dictum quam a semper malesuada. Etiam porta sit amet risus quis porta. Nulla facilisi. Cras at interdum ante. Ut gravida pharetra ligula vitae malesuada.','ACCEPTED',484,'2020-02-15 10:05:35','2020-02-10 21:59:21');
/*!40000 ALTER TABLE `applications` ENABLE KEYS */;
UNLOCK TABLES;

--
-- Table structure for table `badge_progress`
--

DROP TABLE IF EXISTS `badge_progress`;
/*!40101 SET @saved_cs_client     = @@character_set_client */;
/*!50503 SET character_set_client = utf8mb4 */;
CREATE TABLE `badge_progress` (
  `id` int(11) NOT NULL AUTO_INCREMENT,
  `user_id` varchar(128) NOT NULL,
  `badge_id` int(11) NOT NULL,
  `progress` int(11) NOT NULL DEFAULT '0',
  `completed` tinyint(1) NOT NULL DEFAULT '0',
  `created_at` timestamp NOT NULL DEFAULT CURRENT_TIMESTAMP,
  `edited_at` timestamp NOT NULL DEFAULT CURRENT_TIMESTAMP ON UPDATE CURRENT_TIMESTAMP,
  `type` enum('comments','connections','votes','poolevents','profiles','info','applications') NOT NULL,
  PRIMARY KEY (`id`),
  UNIQUE KEY `uq_badge_progress` (`user_id`,`badge_id`)
) ENGINE=InnoDB AUTO_INCREMENT=788 DEFAULT CHARSET=utf8mb4 COLLATE=utf8mb4_0900_ai_ci;
/*!40101 SET character_set_client = @saved_cs_client */;

--
-- Dumping data for table `badge_progress`
--

LOCK TABLES `badge_progress` WRITE;
/*!40000 ALTER TABLE `badge_progress` DISABLE KEYS */;
INSERT INTO `badge_progress` VALUES (762,'4a74141e-c2c0-46a0-9c0c-84bef8be7d0f',374,0,1,'2020-01-12 08:27:11','2020-01-22 07:50:55','info'),(763,'8d411dc4-e76f-4d0e-a027-056a0bc43be5',374,0,1,'2020-01-12 08:27:11','2020-01-16 08:29:36','info'),(764,'4a74141e-c2c0-46a0-9c0c-84bef8be7d0f',375,9,0,'2020-01-12 08:27:11','2020-02-11 22:28:52','profiles'),(765,'8d411dc4-e76f-4d0e-a027-056a0bc43be5',375,9,0,'2020-01-12 08:27:11','2020-02-12 21:58:41','profiles'),(766,'4a74141e-c2c0-46a0-9c0c-84bef8be7d0f',376,29,0,'2020-01-12 08:27:11','2020-02-15 08:22:31','poolevents'),(767,'8d411dc4-e76f-4d0e-a027-056a0bc43be5',376,1,1,'2020-01-12 08:27:11','2020-02-10 16:40:17','poolevents'),(768,'4a74141e-c2c0-46a0-9c0c-84bef8be7d0f',377,29,0,'2020-01-12 08:27:11','2020-02-15 08:22:31','poolevents'),(769,'8d411dc4-e76f-4d0e-a027-056a0bc43be5',377,5,1,'2020-01-12 08:27:11','2020-02-10 19:19:17','poolevents'),(770,'4a74141e-c2c0-46a0-9c0c-84bef8be7d0f',378,10,1,'2020-01-12 08:27:11','2020-01-12 09:26:48','poolevents'),(771,'8d411dc4-e76f-4d0e-a027-056a0bc43be5',378,10,1,'2020-01-12 08:27:11','2020-02-10 21:10:43','poolevents'),(772,'4a74141e-c2c0-46a0-9c0c-84bef8be7d0f',379,1,1,'2020-01-12 08:27:11','2020-01-16 13:50:53','comments'),(773,'8d411dc4-e76f-4d0e-a027-056a0bc43be5',379,1,1,'2020-01-12 08:27:11','2020-01-12 11:06:11','comments'),(774,'4a74141e-c2c0-46a0-9c0c-84bef8be7d0f',380,5,1,'2020-01-12 08:27:11','2020-01-22 08:18:59','comments'),(775,'8d411dc4-e76f-4d0e-a027-056a0bc43be5',380,3,0,'2020-01-12 08:27:11','2020-02-10 19:08:11','comments'),(776,'4a74141e-c2c0-46a0-9c0c-84bef8be7d0f',381,10,1,'2020-01-12 08:27:11','2020-01-23 20:19:57','comments'),(777,'8d411dc4-e76f-4d0e-a027-056a0bc43be5',381,3,0,'2020-01-12 08:27:11','2020-02-10 19:08:11','comments'),(778,'4a74141e-c2c0-46a0-9c0c-84bef8be7d0f',382,1,1,'2020-01-12 08:27:11','2020-01-13 17:44:27','votes'),(779,'8d411dc4-e76f-4d0e-a027-056a0bc43be5',382,1,1,'2020-01-12 08:27:11','2020-01-12 11:06:28','votes'),(780,'4a74141e-c2c0-46a0-9c0c-84bef8be7d0f',383,5,1,'2020-01-12 08:27:11','2020-02-12 21:24:06','votes'),(781,'8d411dc4-e76f-4d0e-a027-056a0bc43be5',383,3,0,'2020-01-12 08:27:11','2020-02-10 19:08:17','votes'),(782,'4a74141e-c2c0-46a0-9c0c-84bef8be7d0f',384,1,1,'2020-01-12 08:27:11','2020-02-09 22:32:05','applications'),(783,'8d411dc4-e76f-4d0e-a027-056a0bc43be5',384,1,1,'2020-01-12 08:27:11','2020-01-12 22:03:23','applications'),(784,'4a74141e-c2c0-46a0-9c0c-84bef8be7d0f',385,5,1,'2020-01-12 08:27:11','2020-01-23 20:13:14','applications'),(785,'8d411dc4-e76f-4d0e-a027-056a0bc43be5',385,5,1,'2020-01-12 08:27:11','2020-02-10 21:59:21','applications'),(786,'4a74141e-c2c0-46a0-9c0c-84bef8be7d0f',386,10,1,'2020-01-12 08:27:11','2020-02-01 22:55:29','applications'),(787,'8d411dc4-e76f-4d0e-a027-056a0bc43be5',386,5,0,'2020-01-12 08:27:11','2020-02-10 21:59:21','applications');
/*!40000 ALTER TABLE `badge_progress` ENABLE KEYS */;
UNLOCK TABLES;

--
-- Table structure for table `badges`
--

DROP TABLE IF EXISTS `badges`;
/*!40101 SET @saved_cs_client     = @@character_set_client */;
/*!50503 SET character_set_client = utf8mb4 */;
CREATE TABLE `badges` (
  `id` int(11) NOT NULL AUTO_INCREMENT,
  `name` text NOT NULL,
  `desc` text,
  `type` enum('comments','poolevents','votes','connections','profiles','info','applications') NOT NULL,
  `created_at` timestamp NOT NULL DEFAULT CURRENT_TIMESTAMP,
  `edited_at` timestamp NOT NULL DEFAULT CURRENT_TIMESTAMP ON UPDATE CURRENT_TIMESTAMP,
  `img_url` text,
  PRIMARY KEY (`id`)
) ENGINE=InnoDB AUTO_INCREMENT=387 DEFAULT CHARSET=utf8mb4 COLLATE=utf8mb4_0900_ai_ci;
/*!40101 SET character_set_client = @saved_cs_client */;

--
-- Dumping data for table `badges`
--

LOCK TABLES `badges` WRITE;
/*!40000 ALTER TABLE `badges` DISABLE KEYS */;
INSERT INTO `badges` VALUES (374,'informed','read the information site','info','2020-01-12 08:27:11','2020-01-12 08:27:11','//b.thumbs.redditmedia.com/xdKEqKiFPEtQPTvc0Qh_MoR-8y4IYkHnMajh27qhGjE.png'),(375,'profile completed','complete your profile','profiles','2020-01-12 08:27:11','2020-01-12 08:27:11','//b.thumbs.redditmedia.com/xdKEqKiFPEtQPTvc0Qh_MoR-8y4IYkHnMajh27qhGjE.png'),(376,'First Event','Create your first Event','poolevents','2020-01-12 08:27:11','2020-01-12 08:27:11','//b.thumbs.redditmedia.com/loJzR3eUrPNvKw6g9RktAletCoQjMityx8emC5w83sw.png'),(377,'Five Events','Create 5 Event','poolevents','2020-01-12 08:27:11','2020-01-12 08:27:11','//b.thumbs.redditmedia.com/loJzR3eUrPNvKw6g9RktAletCoQjMityx8emC5w83sw.png'),(378,'Ten Events','Create 10 Event','poolevents','2020-01-12 08:27:11','2020-01-12 08:27:11','//b.thumbs.redditmedia.com/loJzR3eUrPNvKw6g9RktAletCoQjMityx8emC5w83sw.png'),(379,'first comment','write your first comment','comments','2020-01-12 08:27:11','2020-01-12 08:27:11','//b.thumbs.redditmedia.com/TnRIsjez67SOHX-F7iW56rSNpbORu-0V6zsR92TV6Qc.png'),(380,'Five comments','write 5 comments','comments','2020-01-12 08:27:11','2020-01-12 08:27:11','//b.thumbs.redditmedia.com/TnRIsjez67SOHX-F7iW56rSNpbORu-0V6zsR92TV6Qc.png'),(381,'Ten comments','write ten comments','comments','2020-01-12 08:27:11','2020-01-12 08:27:11','//b.thumbs.redditmedia.com/TnRIsjez67SOHX-F7iW56rSNpbORu-0V6zsR92TV6Qc.png'),(382,'First Votes','Vote for the first time','votes','2020-01-12 08:27:11','2020-01-12 08:27:11','//a.thumbs.redditmedia.com/uag6mXIzTCfMDaLAGr8IQ6PdPnVerANcJDIgPZDeDx0.png'),(383,'Five Votes','Vote five times','votes','2020-01-12 08:27:11','2020-01-12 08:27:11','//a.thumbs.redditmedia.com/uag6mXIzTCfMDaLAGr8IQ6PdPnVerANcJDIgPZDeDx0.png'),(384,'First application','Apply for the first time','applications','2020-01-12 08:27:11','2020-01-12 08:27:11','//b.thumbs.redditmedia.com/xdKEqKiFPEtQPTvc0Qh_MoR-8y4IYkHnMajh27qhGjE.png'),(385,'5 applications','apply for the fifth time','applications','2020-01-12 08:27:11','2020-01-12 08:27:11','//b.thumbs.redditmedia.com/xdKEqKiFPEtQPTvc0Qh_MoR-8y4IYkHnMajh27qhGjE.png'),(386,'10 applications','apply for the tenth time','applications','2020-01-12 08:27:11','2020-01-12 08:27:11','//b.thumbs.redditmedia.com/xdKEqKiFPEtQPTvc0Qh_MoR-8y4IYkHnMajh27qhGjE.png');
/*!40000 ALTER TABLE `badges` ENABLE KEYS */;
UNLOCK TABLES;

--
-- Table structure for table `challenges`
--

DROP TABLE IF EXISTS `challenges`;
/*!40101 SET @saved_cs_client     = @@character_set_client */;
/*!50503 SET character_set_client = utf8mb4 */;
CREATE TABLE `challenges` (
  `id` int(11) NOT NULL AUTO_INCREMENT,
  `name` text NOT NULL,
  `desc` text,
  `badge_id` int(11) NOT NULL,
  `created_at` timestamp NOT NULL DEFAULT CURRENT_TIMESTAMP,
  `type` enum('comments','poolevents','votes','connections','profiles','info','applications') NOT NULL,
  `points` int(11) NOT NULL DEFAULT '0',
  `edited_at` timestamp NOT NULL DEFAULT CURRENT_TIMESTAMP ON UPDATE CURRENT_TIMESTAMP,
  PRIMARY KEY (`id`),
  UNIQUE KEY `uq_challenges` (`badge_id`,`points`,`type`)
) ENGINE=InnoDB AUTO_INCREMENT=376 DEFAULT CHARSET=utf8mb4 COLLATE=utf8mb4_0900_ai_ci;
/*!40101 SET character_set_client = @saved_cs_client */;

--
-- Dumping data for table `challenges`
--

LOCK TABLES `challenges` WRITE;
/*!40000 ALTER TABLE `challenges` DISABLE KEYS */;
INSERT INTO `challenges` VALUES (363,'informed','read the information site',374,'2020-01-12 08:27:11','info',1,'2020-01-12 08:27:11'),(364,'profile completed','complete your profile',375,'2020-01-12 08:27:11','profiles',9,'2020-01-12 08:27:11'),(365,'First Event','Create your first Event',376,'2020-01-12 08:27:11','poolevents',1,'2020-01-12 08:27:11'),(366,'Five Events','Create 5 Event',377,'2020-01-12 08:27:11','poolevents',5,'2020-01-12 08:27:11'),(367,'Ten Events','Create 10 Event',378,'2020-01-12 08:27:11','poolevents',10,'2020-01-12 08:27:11'),(368,'first comment','write your first comment',379,'2020-01-12 08:27:11','comments',1,'2020-01-12 08:27:11'),(369,'Five comments','write 5 comments',380,'2020-01-12 08:27:11','comments',5,'2020-01-12 08:27:11'),(370,'Ten comments','write ten comments',381,'2020-01-12 08:27:11','comments',10,'2020-01-12 08:27:11'),(371,'First Votes','Vote for the first time',382,'2020-01-12 08:27:11','votes',1,'2020-01-12 08:27:11'),(372,'Five Votes','Vote five times',383,'2020-01-12 08:27:11','votes',5,'2020-01-12 08:27:11'),(373,'First application','Apply for the first time',384,'2020-01-12 08:27:11','applications',1,'2020-01-12 08:27:11'),(374,'5 applications','apply for the fifth time',385,'2020-01-12 08:27:11','applications',5,'2020-01-12 08:27:11'),(375,'10 applications','apply for the tenth time',386,'2020-01-12 08:27:11','applications',10,'2020-01-12 08:27:11');
/*!40000 ALTER TABLE `challenges` ENABLE KEYS */;
UNLOCK TABLES;

--
-- Table structure for table `comments`
--

DROP TABLE IF EXISTS `comments`;
/*!40101 SET @saved_cs_client     = @@character_set_client */;
/*!50503 SET character_set_client = utf8mb4 */;
CREATE TABLE `comments` (
  `id` int(11) NOT NULL AUTO_INCREMENT,
  `text` text NOT NULL,
  `user_id` varchar(128) NOT NULL,
  `poolevent_id` int(11) NOT NULL,
  `created_at` timestamp NOT NULL DEFAULT CURRENT_TIMESTAMP,
  `edited_at` timestamp NOT NULL DEFAULT CURRENT_TIMESTAMP ON UPDATE CURRENT_TIMESTAMP,
  `comment_id` int(11) DEFAULT NULL,
  PRIMARY KEY (`id`),
  UNIQUE KEY `id_UNIQUE` (`id`),
  KEY `fk_poolevent_idx` (`poolevent_id`),
  CONSTRAINT `fk_poolevent` FOREIGN KEY (`poolevent_id`) REFERENCES `poolevents` (`id`)
) ENGINE=InnoDB AUTO_INCREMENT=160 DEFAULT CHARSET=utf8mb4 COLLATE=utf8mb4_0900_ai_ci;
/*!40101 SET character_set_client = @saved_cs_client */;

--
-- Dumping data for table `comments`
--

LOCK TABLES `comments` WRITE;
/*!40000 ALTER TABLE `comments` DISABLE KEYS */;
INSERT INTO `comments` VALUES (140,'Lorem ipsum dolor sit amet, consectetur adipiscing elit. Etiam et fermentum dui. Ut orci quam, ornare sed lorem sed, hendrerit auctor dolor. Nulla viverra, nibh quis ultrices malesuada, ligula ipsum vulputate diam, aliquam egestas nibh ante vel dui. Sed in tellus interdum eros vulputate placerat sed non enim. Pellentesque eget justo porttitor urna dictum fermentum sit amet sed mauris. Praesent molestie vestibulum erat ac rhoncus. Aenean nunc risus, accumsan nec ipsum et, convallis sollicitudin dui. Proin dictum quam a semper malesuada. Etiam porta sit amet risus quis porta. Nulla facilisi. Cras at interdum ante. Ut gravida pharetra ligula vitae malesuada. Sed eget libero et arcu tempor tincidunt in ac lectus. Maecenas vitae felis enim. In in tellus consequat, condimentum eros vitae, lacinia risus. Sed vehicula sem sed risus volutpat elementum.\n\nNunc accumsan tempus nunc ac aliquet. Integer non ullamcorper eros, in rutrum velit. Proin cursus orci sit amet lobortis iaculis. Praesent cond','8d411dc4-e76f-4d0e-a027-056a0bc43be5',458,'2020-01-12 11:06:11','2020-01-12 11:06:11',NULL),(141,'Lorem ipsum dolor sit amet, consectetur adipiscing elit. Etiam et fermentum dui. Ut orci quam, ornare sed lorem sed, hendrerit auctor dolor. Nulla viverra, nibh quis ultrices malesuada, ligula ipsum vulputate diam, aliquam egestas nibh ante vel dui. Sed in tellus interdum eros vulputate placerat sed non enim. Pellentesque eget.','4a74141e-c2c0-46a0-9c0c-84bef8be7d0f',458,'2020-01-16 13:50:53','2020-01-16 13:50:53',NULL),(142,'Lorem ipsum dolor sit amet, consectetur adipiscing elit. Etiam et fermentum dui. Ut orci quam, ornare sed lorem sed, hendrerit auctor dolor. Nulla viverra, nibh quis ultrices malesuada, ligula ipsum vulputate diam, aliquam egestas nibh ante vel dui. Sed in tellus interdum eros vulputate placerat sed non enim. Pellentesque eget justo porttitor urna dictum fermentum sit amet sed mauris. Praesent molestie vestibulum erat ac rhoncus. Aenean nunc risus, accumsan nec ipsum et, convallis sollicitudin dui. Proin dictum quam a semper malesuada. Etiam porta sit amet risus quis porta. Nulla facilisi. Cras at interdum ante. Ut gravida pharetra ligula vitae malesuada.','4a74141e-c2c0-46a0-9c0c-84bef8be7d0f',459,'2020-01-21 21:17:51','2020-01-21 21:17:51',NULL),(143,'Lorem ipsum dolor sit amet, consectetur adipiscing elit. Etiam et fermentum dui. Ut orci quam, ornare sed lorem sed, hendrerit auctor dolor. Nulla viverra, nibh quis ultrices malesuada, ligula ipsum vulputate diam, aliquam egestas nibh ante vel dui. Sed in tellus interdum eros vulputate placerat sed non enim. Pellentesque eget justo porttitor urna dictum fermentum sit amet sed mauris. Praesent molestie vestibulum erat ac rhoncus. Aenean nunc risus, accumsan nec ipsum et, convallis sollicitudin dui. Proin dictum quam a semper malesuada. Etiam porta sit amet risus quis porta. Nulla facilisi. Cras at interdum ante. Ut gravida pharetra ligula vitae malesuada. Sed eget libero et arcu tempor tincidunt in ac lectus. Maecenas vitae felis enim. In in tellus consequat, condimentum eros vitae, lacinia risus. Sed vehicula sem sed risus volutpat elementum.\n\nNunc accumsan tempus nunc ac aliquet. Integer non ullamcorper eros, in rutrum velit. Proin cursus orci sit amet lobortis iaculis. Praesent cond','4a74141e-c2c0-46a0-9c0c-84bef8be7d0f',461,'2020-01-22 08:12:18','2020-01-22 08:12:18',NULL),(144,'Lorem ipsum dolor sit amet, consectetur adipiscing elit. Etiam et fermentum dui.','4a74141e-c2c0-46a0-9c0c-84bef8be7d0f',461,'2020-01-22 08:16:54','2020-01-22 08:16:54',NULL),(145,'Lorem ipsum dolor sit amet, consectetur adipiscing elit. Etiam et fermentum dui. Ut orci quam, ornare sed lorem sed, hendrerit auctor dolor. Nulla viverra, nibh quis ultrices malesuada, ligula ipsum vulputate diam, aliquam egestas nibh ante vel dui. Sed in tellus interdum eros vulputate placerat sed non enim. Pellentesque eget justo porttitor urna dictum fermentum sit amet sed mauris. Praesent molestie vestibulum erat ac rhoncus. Aenean nunc risus, accumsan nec ipsum et, convallis sollicitudin dui. Proin dictum quam a semper malesuada. Etiam porta sit amet risus quis porta. Nulla facilisi. Cras at interdum ante. Ut gravida pharetra ligula vitae malesuada. Sed eget libero et arcu tempor tincidunt in ac lectus. Maecenas vitae felis enim. In in tellus consequat, condimentum eros vitae, lacinia risus. Sed vehicula sem sed risus volutpat elementum.\n\nNunc accumsan tempus nunc ac aliquet. Integer non ullamcorper eros, in rutrum velit. Proin cursus orci sit amet lobortis iaculis. Praesent cond','4a74141e-c2c0-46a0-9c0c-84bef8be7d0f',461,'2020-01-22 08:18:59','2020-01-22 08:18:59',NULL),(146,'Lorem ipsum dolor sit amet, consectetur adipiscing elit. Etiam et fermentum dui. Ut orci quam, ornare sed lorem sed, hendrerit auctor dolor. Nulla viverra, nibh quis ultrices malesuada, ligula ipsum vulputate diam, aliquam egestas nibh ante vel dui. Sed in tellus interdum eros vulputate placerat sed non enim. Pellentesque eget justo porttitor urna dictum fermentum sit amet sed mauris. Praesent molestie vestibulum erat ac rhoncus. Aenean nunc risus, accumsan nec ipsum et, convallis sollicitudin dui. Proin dictum quam a semper malesuada. Etiam porta sit amet risus quis porta. Nulla facilisi. Cras at interdum ante. Ut gravida pharetra ligula vitae malesuada. Sed eget libero et arcu tempor tincidunt in ac lectus. Maecenas vitae felis enim. In in tellus consequat, condimentum eros vitae, lacinia risus. Sed vehicula sem sed risus volutpat elementum.\n\nNunc accumsan tempus nunc ac aliquet. Integer non ullamcorper eros, in rutrum velit. Proin cursus orci sit amet lobortis iaculis. Praesent cond','4a74141e-c2c0-46a0-9c0c-84bef8be7d0f',461,'2020-01-22 08:19:15','2020-01-22 08:19:15',NULL),(147,'Lorem ipsum dolor sit amet, consectetur adipiscing elit. Etiam et fermentum dui. Ut orci quam, ornare sed lorem sed, hendrerit auctor dolor. Nulla viverra, nibh quis ultrices malesuada, ligula ipsum vulputate diam, aliquam egestas nibh ante vel dui. Sed in tellus interdum eros vulputate placerat sed non enim. Pellentesque eget justo porttitor urna dictum fermentum sit amet sed mauris. Praesent molestie vestibulum erat ac rhoncus. Aenean nunc risus, accumsan nec ipsum et, convallis sollicitudin dui. Proin dictum quam a semper malesuada. Etiam porta sit amet risus quis porta. Nulla facilisi. Cras at interdum ante. Ut gravida pharetra ligula vitae malesuada.','4a74141e-c2c0-46a0-9c0c-84bef8be7d0f',459,'2020-01-23 20:19:50','2020-01-23 20:19:50',NULL),(148,'Lorem ipsum dolor sit amet, consectetur adipiscing elit. Etiam et fermentum dui. Ut orci quam, ornare sed lorem sed, hendrerit auctor dolor. Nulla viverra, nibh quis ultrices malesuada, ligula ipsum vulputate diam, aliquam egestas nibh ante vel dui. Sed in tellus interdum eros vulputate placerat sed non enim. Pellentesque eget justo porttitor urna dictum fermentum sit amet sed mauris. Praesent molestie vestibulum erat ac rhoncus. Aenean nunc risus, accumsan nec ipsum et, convallis sollicitudin dui. Proin dictum quam a semper malesuada. Etiam porta sit amet risus quis porta. Nulla facilisi. Cras at interdum ante. Ut gravida pharetra ligula vitae malesuada.','4a74141e-c2c0-46a0-9c0c-84bef8be7d0f',459,'2020-01-23 20:19:56','2020-01-23 20:19:56',NULL),(149,'Lorem ipsum dolor sit amet, consectetur adipiscing elit. Etiam et fermentum dui. Ut orci quam, ornare sed lorem sed, hendrerit auctor dolor. Nulla viverra, nibh quis ultrices malesuada, ligula ipsum vulputate diam, aliquam egestas nibh ante vel dui. Sed in tellus interdum eros vulputate placerat sed non enim. Pellentesque eget justo porttitor urna dictum fermentum sit amet sed mauris. Praesent molestie vestibulum erat ac rhoncus. Aenean nunc risus, accumsan nec ipsum et, convallis sollicitudin dui. Proin dictum quam a semper malesuada. Etiam porta sit amet risus quis porta. Nulla facilisi. Cras at interdum ante. Ut gravida pharetra ligula vitae malesuada.','4a74141e-c2c0-46a0-9c0c-84bef8be7d0f',459,'2020-01-23 20:19:56','2020-01-23 20:19:56',NULL),(150,'Lorem ipsum dolor sit amet, consectetur adipiscing elit. Etiam et fermentum dui. Ut orci quam, ornare sed lorem sed, hendrerit auctor dolor. Nulla viverra, nibh quis ultrices malesuada, ligula ipsum vulputate diam, aliquam egestas nibh ante vel dui. Sed in tellus interdum eros vulputate placerat sed non enim. Pellentesque eget justo porttitor urna dictum fermentum sit amet sed mauris. Praesent molestie vestibulum erat ac rhoncus. Aenean nunc risus, accumsan nec ipsum et, convallis sollicitudin dui. Proin dictum quam a semper malesuada. Etiam porta sit amet risus quis porta. Nulla facilisi. Cras at interdum ante. Ut gravida pharetra ligula vitae malesuada.','4a74141e-c2c0-46a0-9c0c-84bef8be7d0f',459,'2020-01-23 20:19:57','2020-01-23 20:19:57',NULL),(151,'Lorem ipsum dolor sit amet, consectetur adipiscing elit. Etiam et fermentum dui. Ut orci quam, ornare sed lorem sed, hendrerit auctor dolor. Nulla viverra, nibh quis ultrices malesuada, ligula ipsum vulputate diam, aliquam egestas nibh ante vel dui. Sed in tellus interdum eros vulputate placerat sed non enim. Pellentesque eget justo porttitor urna dictum fermentum sit amet sed mauris. Praesent molestie vestibulum erat ac rhoncus. Aenean nunc risus, accumsan nec ipsum et, convallis sollicitudin dui. Proin dictum quam a semper malesuada. Etiam porta sit amet risus quis porta. Nulla facilisi. Cras at interdum ante. Ut gravida pharetra ligula vitae malesuada.','4a74141e-c2c0-46a0-9c0c-84bef8be7d0f',459,'2020-01-23 20:19:57','2020-01-23 20:19:57',NULL),(152,'Lorem ipsum dolor sit amet, consectetur adipiscing elit. Etiam et fermentum dui. Ut orci quam, ornare sed lorem sed, hendrerit auctor dolor. Nulla viverra, nibh quis ultrices malesuada, ligula ipsum vulputate diam, aliquam egestas nibh ante vel dui. Sed in tellus interdum eros vulputate placerat sed non enim. Pellentesque eget justo porttitor urna dictum fermentum sit amet sed mauris. Praesent molestie vestibulum erat ac rhoncus. Aenean nunc risus, accumsan nec ipsum et, convallis sollicitudin dui. Proin dictum quam a semper malesuada. Etiam porta sit amet risus quis porta. Nulla facilisi. Cras at interdum ante. Ut gravida pharetra ligula vitae malesuada.','4a74141e-c2c0-46a0-9c0c-84bef8be7d0f',459,'2020-01-23 20:19:57','2020-01-23 20:19:57',NULL),(153,'Lorem ipsum dolor sit amet, consectetur adipiscing elit. Etiam et fermentum dui. Ut orci quam, ornare sed lorem sed, hendrerit auctor dolor. Nulla viverra, nibh quis ultrices malesuada, ligula ipsum vulputate diam, aliquam egestas nibh ante vel dui. Sed in tellus interdum eros vulputate placerat sed non enim. Pellentesque eget justo porttitor urna dictum fermentum sit amet sed mauris. Praesent molestie vestibulum erat ac rhoncus. Aenean nunc risus, accumsan nec ipsum et, convallis sollicitudin dui. Proin dictum quam a semper malesuada. Etiam porta sit amet risus quis porta. Nulla facilisi. Cras at interdum ante. Ut gravida pharetra ligula vitae malesuada.','4a74141e-c2c0-46a0-9c0c-84bef8be7d0f',459,'2020-01-23 20:19:57','2020-01-23 20:19:57',NULL),(154,'Lorem ipsum dolor sit amet, consectetur adipiscing elit. Etiam et fermentum dui. Ut orci quam, ornare sed lorem sed, hendrerit auctor dolor. Nulla viverra, nibh quis ultrices malesuada, ligula ipsum vulputate diam, aliquam egestas nibh ante vel dui. Sed in tellus interdum eros vulputate placerat sed non enim. Pellentesque eget justo porttitor urna dictum fermentum sit amet sed mauris. Praesent molestie vestibulum erat ac rhoncus. Aenean nunc risus, accumsan nec ipsum et, convallis sollicitudin dui. Proin dictum quam a semper malesuada. Etiam porta sit amet risus quis porta. Nulla facilisi. Cras at interdum ante. Ut gravida pharetra ligula vitae malesuada.','4a74141e-c2c0-46a0-9c0c-84bef8be7d0f',459,'2020-01-23 20:19:57','2020-01-23 20:19:57',NULL),(155,'Lorem ipsum dolor sit amet, consectetur adipiscing elit. Etiam et fermentum dui. Ut orci quam, ornare sed lorem sed, hendrerit auctor dolor. Nulla viverra, nibh quis ultrices malesuada, ligula ipsum vulputate diam, aliquam egestas nibh ante vel dui. Sed in tellus interdum eros vulputate placerat sed non enim. Pellentesque eget justo porttitor urna dictum fermentum sit amet sed mauris. Praesent molestie vestibulum erat ac rhoncus. Aenean nunc risus, accumsan nec ipsum et, convallis sollicitudin dui. Proin dictum quam a semper malesuada. Etiam porta sit amet risus quis porta. Nulla facilisi. Cras at interdum ante. Ut gravida pharetra ligula vitae malesuada.','4a74141e-c2c0-46a0-9c0c-84bef8be7d0f',459,'2020-01-23 20:19:57','2020-01-23 20:19:57',NULL),(156,'Lorem ipsum dolor sit amet, consectetur adipiscing elit. Etiam et fermentum dui. Ut orci quam, ornare sed lorem sed, hendrerit auctor dolor. Nulla viverra, nibh quis ultrices malesuada, ligula ipsum vulputate diam, aliquam egestas nibh ante vel dui. Sed in tellus interdum eros vulputate placerat sed non enim. Pellentesque eget justo porttitor urna dictum fermentum sit amet sed mauris. Praesent molestie vestibulum erat ac rhoncus. Aenean nunc risus, accumsan nec ipsum et, convallis sollicitudin dui. Proin dictum quam a semper malesuada. Etiam porta sit amet risus quis porta. Nulla facilisi. Cras at interdum ante. Ut gravida pharetra ligula vitae malesuada. Sed eget libero et arcu tempor tincidunt in ac lectus. Maecenas vitae felis enim. In in tellus consequat, condimentum eros vitae, lacinia risus. Sed vehicula sem sed risus volutpat elementum.\n\nNunc accumsan tempus nunc ac aliquet. Integer non ullamcorper eros, in rutrum velit. Proin cursus orci sit amet lobortis iaculis. Praesent cond','4a74141e-c2c0-46a0-9c0c-84bef8be7d0f',462,'2020-01-31 16:25:09','2020-01-31 16:25:09',NULL),(157,'Lorem ipsum dolor sit amet, consectetur adipiscing elit. Etiam et fermentum dui.','8d411dc4-e76f-4d0e-a027-056a0bc43be5',462,'2020-02-09 11:14:32','2020-02-09 11:14:32',NULL),(158,'Lorem ipsum dolor sit amet, consectetur adipiscing elit. Etiam et fermentum dui.','8d411dc4-e76f-4d0e-a027-056a0bc43be5',465,'2020-02-10 19:08:11','2020-02-10 19:08:11',NULL),(159,'Lorem ipsum dolor sit amet, consectetur adipiscing elit. Etiam et fermentum dui. Ut orci quam, ornare sed lorem sed, hendrerit auctor dolor. Nulla viverra, nibh quis ultrices malesuada, ligula ipsum vulputate diam, aliquam egestas nibh ante vel dui. Sed in tellus interdum eros vulputate placerat sed non enim. Pellentesque eget justo porttitor urna dictum fermentum sit amet sed mauris. Praesent molestie vestibulum erat ac rhoncus. Aenean nunc risus, accumsan nec ipsum et, convallis sollicitudin dui. Proin dictum quam a semper malesuada. Etiam porta sit amet risus quis porta. Nulla facilisi. Cras at interdum ante. Ut gravida pharetra ligula vitae malesuada. Sed eget libero et arcu tempor tincidunt in ac lectus. Maecenas vitae felis enim. In in tellus consequat, condimentum eros vitae, lacinia risus. Sed vehicula sem sed risus volutpat elementum.\n\nNunc accumsan tempus nunc ac aliquet. Integer non ullamcorper eros, in rutrum velit. Proin cursus orci sit amet lobortis iaculis. Praesent cond','4a74141e-c2c0-46a0-9c0c-84bef8be7d0f',465,'2020-02-12 21:23:57','2020-02-12 21:23:57',NULL);
/*!40000 ALTER TABLE `comments` ENABLE KEYS */;
UNLOCK TABLES;

--
-- Table structure for table `connections`
--

DROP TABLE IF EXISTS `connections`;
/*!40101 SET @saved_cs_client     = @@character_set_client */;
/*!50503 SET character_set_client = utf8mb4 */;
CREATE TABLE `connections` (
  `id` int(11) NOT NULL,
  `username` varchar(45) DEFAULT NULL,
  PRIMARY KEY (`id`)
) ENGINE=InnoDB DEFAULT CHARSET=utf8mb4 COLLATE=utf8mb4_0900_ai_ci;
/*!40101 SET character_set_client = @saved_cs_client */;

--
-- Dumping data for table `connections`
--

LOCK TABLES `connections` WRITE;
/*!40000 ALTER TABLE `connections` DISABLE KEYS */;
/*!40000 ALTER TABLE `connections` ENABLE KEYS */;
UNLOCK TABLES;

--
-- Table structure for table `descriptions`
--

DROP TABLE IF EXISTS `descriptions`;
/*!40101 SET @saved_cs_client     = @@character_set_client */;
/*!50503 SET character_set_client = utf8mb4 */;
CREATE TABLE `descriptions` (
  `id` int(11) NOT NULL AUTO_INCREMENT,
  `text` text NOT NULL,
  `html` text,
  `created_at` timestamp NOT NULL DEFAULT CURRENT_TIMESTAMP,
  `edited_at` timestamp NOT NULL DEFAULT CURRENT_TIMESTAMP ON UPDATE CURRENT_TIMESTAMP,
  `poolevent_id` int(11) NOT NULL,
  PRIMARY KEY (`id`),
  UNIQUE KEY `id_UNIQUE` (`id`)
) ENGINE=InnoDB AUTO_INCREMENT=404 DEFAULT CHARSET=utf8mb4 COLLATE=utf8mb4_0900_ai_ci;
/*!40101 SET character_set_client = @saved_cs_client */;

--
-- Dumping data for table `descriptions`
--

LOCK TABLES `descriptions` WRITE;
/*!40000 ALTER TABLE `descriptions` DISABLE KEYS */;
INSERT INTO `descriptions` VALUES (361,'','<p>Lorem ipsum dolor sit amet, consectetur adipiscing elit. Etiam et fermentum dui. Ut orci quam, ornare sed lorem sed, hendrerit auctor dolor. Nulla viverra, nibh quis ultrices malesuada, ligula ipsum vulputate diam, aliquam egestas nibh ante vel dui. Sed in tellus interdum eros vulputate placerat sed non enim. Pellentesque eget justo porttitor urna dictum fermentum sit amet sed mauris. Praesent molestie vestibulum erat ac rhoncus. Aenean nunc risus, accumsan nec ipsum et, convallis sollicitudin dui. Proin dictum quam a semper malesuada. Etiam porta sit amet risus quis porta. Nulla facilisi. Cras at interdum ante. Ut gravida pharetra ligula vitae malesuada.</p><p>Lorem ipsum dolor sit amet, consectetur adipiscing elit. Etiam et fermentum dui. Ut orci quam, ornare sed lorem sed, hendrerit auctor dolor. Nulla viverra, nibh quis ultrices malesuada, ligula ipsum vulputate diam, aliquam egestas nibh ante vel dui. Sed in tellus interdum eros vulputate placerat sed non enim. Pellentesque eget justo porttitor urna dictum fermentum sit amet sed mauris. Praesent molestie vestibulum erat ac rhoncus. Aenean nunc risus, accumsan nec ipsum et, convallis sollicitudin dui. Proin dictum quam a semper malesuada. Etiam porta sit amet risus quis porta. Nulla facilisi. Cras at interdum ante. Ut gravida pharetra ligula vitae malesuada.</p>','2020-01-11 19:19:21','2020-01-11 20:11:22',456),(362,'','<p>Lorem ipsum dolor.</p>','2020-01-11 19:19:38','2020-01-11 19:19:38',457),(363,'','<p>Lorem ipsum dolor sit amet, consectetur adipiscing elit. Etiam et fermentum dui. Ut orci quam, ornare sed lorem sed, hendrerit auctor dolor. Nulla viverra, nibh quis ultrices malesuada, ligula ipsum vulputate diam, aliquam egestas nibh ante vel dui. Sed in tellus interdum eros vulputate placerat sed non enim. Pellentesque eget justo porttitor urna dictum fermentum sit amet sed mauris. Praesent molestie vestibulum erat ac rhoncus. Aenean nunc risus, accumsan nec ipsum et, convallis sollicitudin dui. Proin dictum quam a semper malesuada. Etiam porta sit amet risus quis porta. Nulla facilisi. Cras at interdum ante. Ut gravida pharetra ligula vitae malesuada.</p><p>Lorem ipsum dolor sit amet, consectetur adipiscing elit. Etiam et fermentum dui. Ut orci quam, ornare sed lorem sed, hendrerit auctor dolor. Nulla viverra, nibh quis ultrices malesuada, ligula ipsum vulputate diam, aliquam egestas nibh ante vel dui. Sed in tellus interdum eros vulputate placerat sed non enim. Pellentesque eget justo porttitor urna dictum fermentum sit amet sed mauris. Praesent molestie vestibulum erat ac rhoncus. Aenean nunc risus, accumsan nec ipsum et, convallis sollicitudin dui. Proin dictum quam a semper malesuada. Etiam porta sit amet risus quis porta. Nulla facilisi. Cras at interdum ante. Ut gravida pharetra ligula vitae malesuada.</p><p>Lorem ipsum dolor sit amet, consectetur adipiscing elit. Etiam et fermentum dui. Ut orci quam, ornare sed lorem sed, hendrerit auctor dolor. Nulla viverra, nibh quis ultrices malesuada, ligula ipsum vulputate diam, aliquam egestas nibh ante vel dui. Sed in tellus interdum eros vulputate placerat sed non enim. Pellentesque eget justo porttitor urna dictum fermentum sit amet sed mauris. Praesent molestie vestibulum erat ac rhoncus. Aenean nunc risus, accumsan nec ipsum et, convallis sollicitudin dui. Proin dictum quam a semper malesuada. Etiam porta sit amet risus quis porta. Nulla facilisi. Cras at interdum ante. Ut gravida pharetra ligula vitae malesuada.</p>','2020-01-11 19:19:39','2020-01-16 16:09:23',458),(364,'','<p>Lorem ipsum dolor.</p>','2020-01-11 19:19:40','2020-01-11 19:19:40',459),(365,'','<p>Lorem ipsum dolor.</p>','2020-01-11 19:19:41','2020-01-11 19:19:41',460),(366,'','<p>Lorem ipsum dolor.</p>','2020-01-11 19:19:41','2020-01-11 19:19:41',461),(367,'','<p>loremLorem ipsum dolor sit amet, consectetur adipiscing elit. Etiam et fermentum dui.</p>','2020-01-12 09:02:49','2020-01-12 09:02:49',462),(368,'','<p>loremLorem ipsum dolor sit amet, consectetur adipiscing elit. Etiam et fermentum dui.</p>','2020-01-12 09:02:57','2020-01-12 09:02:57',463),(369,'','<p>lorem</p>','2020-01-12 09:25:20','2020-01-12 09:25:20',464),(370,'','<p>lorem</p>','2020-01-12 09:26:48','2020-01-12 09:26:48',465),(371,'','<p>scoop</p>','2020-01-13 19:31:22','2020-01-13 19:31:22',466),(372,'','<p>scoop</p>','2020-01-13 19:31:28','2020-01-13 19:31:28',467),(373,'','<p>scoop</p>','2020-01-13 19:31:37','2020-01-13 19:31:37',468),(374,'','<p>scoop</p>','2020-01-13 19:33:21','2020-01-13 19:33:21',469),(375,'','<p>hidden</p>','2020-01-13 20:26:01','2020-01-13 20:26:01',470),(376,'','','2020-01-17 19:07:37','2020-01-17 19:07:37',471),(377,'','','2020-01-18 11:50:29','2020-01-18 11:50:29',472),(378,'','<p>Lorem ipsum.</p>','2020-01-27 13:32:18','2020-01-27 13:32:18',473),(379,'','<p>Lorem ipsum.</p>','2020-01-27 13:38:06','2020-01-27 13:38:06',474),(380,'','<p>Lorem ipsum dolor sit amet, consectetur adipiscing elit. Etiam et fermentum dui. Ut orci quam, ornare sed lorem sed, hendrerit auctor dolor. Nulla viverra, nibh quis ultrices malesuada, ligula ipsum vulputate diam, aliquam egestas nibh ante vel dui. Sed in tellus interdum eros vulputate placerat sed non enim. Pellentesque eget justo porttitor urna dictum fermentum sit amet sed mauris. Praesent molestie vestibulum erat ac rhoncus. Aenean nunc risus, accumsan nec ipsum et, convallis sollicitudin dui. Proin dictum quam a semper malesuada. Etiam porta sit amet risus quis porta. Nulla facilisi. Cras at interdum ante. Ut gravida pharetra ligula vitae malesuada.</p>','2020-02-10 12:34:22','2020-02-10 12:34:22',475),(381,'','<p>Lorem ipsum dolor sit amet, consectetur adipiscing elit. Etiam et fermentum dui. Ut orci quam, ornare sed lorem sed, hendrerit auctor dolor. Nulla viverra, nibh quis ultrices malesuada, ligula ipsum vulputate diam, aliquam egestas nibh ante vel dui. Sed in tellus interdum eros vulputate placerat sed non enim. Pellentesque eget justo porttitor urna dictum fermentum sit amet sed mauris. Praesent molestie vestibulum erat ac rhoncus. Aenean nunc risus, accumsan nec ipsum et, convallis sollicitudin dui. Proin dictum quam a semper malesuada. Etiam porta sit amet risus quis porta. Nulla facilisi. Cras at interdum ante. Ut gravida pharetra ligula vitae malesuada.</p>','2020-02-10 12:35:41','2020-02-10 12:35:41',476),(382,'','<p>Lorem ipsum dolor sit amet, consectetur adipiscing elit. Etiam et fermentum dui. Ut orci quam, ornare sed lorem sed, hendrerit auctor dolor. Nulla viverra, nibh quis ultrices malesuada, ligula ipsum vulputate diam, aliquam egestas nibh ante vel dui. Sed in tellus interdum eros vulputate placerat sed non enim. Pellentesque eget.</p>','2020-02-10 12:39:29','2020-02-10 12:39:29',477),(383,'','','2020-02-10 12:46:21','2020-02-10 12:46:21',478),(384,'','','2020-02-10 12:49:08','2020-02-10 12:49:08',479),(385,'','','2020-02-10 12:58:02','2020-02-10 12:58:02',480),(386,'','','2020-02-10 12:58:40','2020-02-10 12:58:40',481),(387,'','','2020-02-10 13:00:57','2020-02-10 13:00:57',482),(388,'','','2020-02-10 13:22:58','2020-02-10 13:22:58',483),(389,'','','2020-02-10 16:40:17','2020-02-10 16:40:17',484),(390,'','','2020-02-10 16:41:41','2020-02-10 16:41:41',485),(391,'','<p>Lorem ipsum dolor sit amet, consectetur adipiscing elit. Etiam et fermentum dui. Ut orci quam, ornare sed lorem sed, hendrerit auctor dolor. Nulla viverra, nibh quis ultrices malesuada, ligula ipsum vulputate diam, aliquam egestas nibh ante vel dui. Sed in tellus interdum eros vulputate placerat sed non enim. Pellentesque eget justo porttitor urna dictum fermentum sit amet sed mauris. Praesent molestie vestibulum erat ac rhoncus. Aenean nunc risus, accumsan nec ipsum et, convallis sollicitudin dui. Proin dictum quam a semper malesuada. Etiam porta sit amet risus quis porta. Nulla facilisi. Cras at interdum ante. Ut gravida pharetra ligula vitae malesuada.</p>','2020-02-10 19:12:38','2020-02-10 19:12:38',486),(392,'','<p>Lorem ipsum dolor sit amet, consectetur adipiscing elit. Etiam et fermentum dui. Ut orci quam, ornare sed lorem sed, hendrerit auctor dolor. Nulla viverra, nibh quis ultrices malesuada, ligula ipsum vulputate diam, aliquam egestas nibh ante vel dui. Sed in tellus interdum eros vulputate placerat sed non enim. Pellentesque eget justo porttitor urna dictum fermentum sit amet sed mauris. Praesent molestie vestibulum erat ac rhoncus. Aenean nunc risus, accumsan nec ipsum et, convallis sollicitudin dui. Proin dictum quam a semper malesuada. Etiam porta sit amet risus quis porta. Nulla facilisi. Cras at interdum ante. Ut gravida pharetra ligula vitae malesuada.</p>','2020-02-10 19:17:38','2020-02-10 19:17:38',487),(393,'','<p>Lorem ipsum dolor sit amet, consectetur adipiscing elit. Etiam et fermentum dui. Ut orci quam, ornare sed lorem sed, hendrerit auctor dolor. Nulla viverra, nibh quis ultrices malesuada, ligula ipsum vulputate diam, aliquam egestas nibh ante vel dui. Sed in tellus interdum eros vulputate placerat sed non enim. Pellentesque eget justo porttitor urna dictum fermentum sit amet sed mauris. Praesent molestie vestibulum erat ac rhoncus. Aenean nunc risus, accumsan nec ipsum et, convallis sollicitudin dui. Proin dictum quam a semper malesuada. Etiam porta sit amet risus quis porta. Nulla facilisi. Cras at interdum ante. Ut gravida pharetra ligula vitae malesuada.</p>','2020-02-10 19:19:17','2020-02-10 19:19:17',488),(394,'','<p>Lorem ipsum dolor sit amet, consectetur adipiscing elit. Etiam et fermentum dui. Ut orci quam, ornare sed lorem sed, hendrerit auctor dolor. Nulla viverra, nibh quis ultrices malesuada, ligula ipsum vulputate diam, aliquam egestas nibh ante vel dui. Sed in tellus interdum eros vulputate placerat sed non enim. Pellentesque eget justo porttitor urna dictum fermentum sit amet sed mauris. Praesent molestie vestibulum erat ac rhoncus. Aenean nunc risus, accumsan nec ipsum et, convallis sollicitudin dui. Proin dictum quam a semper malesuada. Etiam porta sit amet risus quis porta. Nulla facilisi. Cras at interdum ante. Ut gravida pharetra ligula vitae malesuada.</p>','2020-02-10 19:20:03','2020-02-10 19:20:03',489),(395,'','<p>Lorem ipsum dolor sit amet, consectetur adipiscing elit. Etiam et fermentum dui. Ut orci quam, ornare sed lorem sed, hendrerit auctor dolor. Nulla viverra, nibh quis ultrices malesuada, ligula ipsum vulputate diam, aliquam egestas nibh ante vel dui. Sed in tellus interdum eros vulputate placerat sed non enim. Pellentesque eget justo porttitor urna dictum fermentum sit amet sed mauris. Praesent molestie vestibulum erat ac rhoncus. Aenean nunc risus, accumsan nec ipsum et, convallis sollicitudin dui. Proin dictum quam a semper malesuada. Etiam porta sit amet risus quis porta. Nulla facilisi. Cras at interdum ante. Ut gravida pharetra ligula vitae malesuada.</p>','2020-02-10 19:20:04','2020-02-10 19:20:04',490),(396,'','<p>Lorem ipsum dolor sit amet, consectetur adipiscing elit. Etiam et fermentum dui. Ut orci quam, ornare sed lorem sed, hendrerit auctor dolor. Nulla viverra, nibh quis ultrices malesuada, ligula ipsum vulputate diam, aliquam egestas nibh ante vel dui. Sed in tellus interdum eros vulputate placerat sed non enim. Pellentesque eget justo porttitor urna dictum fermentum sit amet sed mauris. Praesent molestie vestibulum erat ac rhoncus. Aenean nunc risus, accumsan nec ipsum et, convallis sollicitudin dui. Proin dictum quam a semper malesuada. Etiam porta sit amet risus quis porta. Nulla facilisi. Cras at interdum ante. Ut gravida pharetra ligula vitae malesuada.</p>','2020-02-10 19:20:05','2020-02-10 19:20:05',491),(397,'','<p>Lorem ipsum dolor sit amet, consectetur adipiscing elit. Etiam et fermentum dui. Ut orci quam, ornare sed lorem sed, hendrerit auctor dolor. Nulla viverra, nibh quis ultrices malesuada, ligula ipsum vulputate diam, aliquam egestas nibh ante vel dui. Sed in tellus interdum eros vulputate placerat sed non enim. Pellentesque eget justo porttitor urna dictum fermentum sit amet sed mauris. Praesent molestie vestibulum erat ac rhoncus. Aenean nunc risus, accumsan nec ipsum et, convallis sollicitudin dui. Proin dictum quam a semper malesuada. Etiam porta sit amet risus quis porta. Nulla facilisi. Cras at interdum ante. Ut gravida pharetra ligula vitae malesuada.</p>','2020-02-10 21:10:25','2020-02-10 21:10:25',492),(398,'','<p>Lorem ipsum dolor sit amet, consectetur adipiscing elit. Etiam et fermentum dui. Ut orci quam, ornare sed lorem sed, hendrerit auctor dolor. Nulla viverra, nibh quis ultrices malesuada, ligula ipsum vulputate diam, aliquam egestas nibh ante vel dui. Sed in tellus interdum eros vulputate placerat sed non enim. Pellentesque eget justo porttitor urna dictum fermentum sit amet sed mauris. Praesent molestie vestibulum erat ac rhoncus. Aenean nunc risus, accumsan nec ipsum et, convallis sollicitudin dui. Proin dictum quam a semper malesuada. Etiam porta sit amet risus quis porta. Nulla facilisi. Cras at interdum ante. Ut gravida pharetra ligula vitae malesuada.</p>','2020-02-10 21:10:43','2020-02-10 21:10:43',493),(399,'','<p>Lorem ipsum dolor sit amet, consectetur adipiscing elit. Etiam et fermentum dui. Ut orci quam, ornare sed lorem sed, hendrerit auctor dolor. Nulla viverra, nibh quis ultrices malesuada, ligula ipsum vulputate diam, aliquam egestas nibh ante vel dui. Sed in tellus interdum eros vulputate placerat sed non enim. Pellentesque eget justo porttitor urna dictum fermentum sit amet sed mauris. Praesent molestie vestibulum erat ac rhoncus. Aenean nunc risus, accumsan nec ipsum et, convallis sollicitudin dui. Proin dictum quam a semper malesuada. Etiam porta sit amet risus quis porta. Nulla facilisi. Cras at interdum ante. Ut gravida pharetra ligula vitae malesuada.</p>','2020-02-10 21:10:44','2020-02-10 21:10:44',494),(400,'','<p>Lorem ipsum dolor sit amet, consectetur adipiscing elit. Etiam et fermentum dui. Ut orci quam, ornare sed lorem sed, hendrerit auctor dolor. Nulla viverra, nibh quis ultrices malesuada, ligula ipsum vulputate diam, aliquam egestas nibh ante vel dui. Sed in tellus interdum eros vulputate placerat sed non enim. Pellentesque eget justo porttitor urna dictum fermentum sit amet sed mauris. Praesent molestie vestibulum erat ac rhoncus. Aenean nunc risus, accumsan nec ipsum et, convallis sollicitudin dui. Proin dictum quam a semper malesuada. Etiam porta sit amet risus quis porta. Nulla facilisi. Cras at interdum ante. Ut gravida pharetra ligula vitae malesuada.</p>','2020-02-10 21:10:44','2020-02-10 21:10:44',495),(401,'','<p>Lorem ipsum dolor sit amet, consectetur adipiscing elit. Etiam et fermentum dui. Ut orci quam, ornare sed lorem sed, hendrerit auctor dolor. Nulla viverra, nibh quis ultrices malesuada, ligula ipsum vulputate diam, aliquam egestas nibh ante vel dui. Sed in tellus interdum eros vulputate placerat sed non enim. Pellentesque eget justo porttitor urna dictum fermentum sit amet sed mauris. Praesent molestie vestibulum erat ac rhoncus. Aenean nunc risus, accumsan nec ipsum et, convallis sollicitudin dui. Proin dictum quam a semper malesuada. Etiam porta sit amet risus quis porta. Nulla facilisi. Cras at interdum ante. Ut gravida pharetra ligula vitae malesuada.</p>','2020-02-10 21:10:44','2020-02-10 21:10:44',496),(402,'','<p>Lorem ipsum dolor sit amet, consectetur adipiscing elit. Etiam et fermentum dui. Ut orci quam, ornare sed lorem sed, hendrerit auctor dolor. Nulla viverra, nibh quis ultrices malesuada, ligula ipsum vulputate diam, aliquam egestas nibh ante vel dui. Sed in tellus interdum eros vulputate placerat sed non enim. Pellentesque eget justo porttitor urna dictum fermentum sit amet sed mauris. Praesent molestie vestibulum erat ac rhoncus. Aenean nunc risus, accumsan nec ipsum et, convallis sollicitudin dui. Proin dictum quam a semper malesuada. Etiam porta sit amet risus quis porta. Nulla facilisi. Cras at interdum ante. Ut gravida pharetra ligula vitae malesuada.</p>','2020-02-10 21:10:44','2020-02-10 21:10:44',497),(403,'','<p>Lorem ipsum dolor sit amet, consectetur adipiscing elit. Etiam et fermentum dui. Ut orci quam, ornare sed lorem sed, hendrerit auctor dolor. Nulla viverra, nibh quis ultrices malesuada, ligula ipsum vulputate diam, aliquam egestas nibh ante vel dui. Sed in tellus interdum eros vulputate placerat sed non enim. Pellentesque eget justo porttitor urna dictum fermentum sit amet sed mauris. Praesent molestie vestibulum erat ac rhoncus. Aenean nunc risus, accumsan nec ipsum et, convallis sollicitudin dui. Proin dictum quam a semper malesuada. Etiam porta sit amet risus quis porta. Nulla facilisi. Cras at interdum ante. Ut gravida pharetra ligula vitae malesuada. Sed eget libero et arcu tempor tincidunt in ac lectus. Maecenas vitae felis enim. In in tellus consequat, condimentum eros vitae, lacinia risus. Sed vehicula sem sed risus volutpat elementum.</p><p><br></p><p>Nunc accumsan tempus nunc ac aliquet. Integer non ullamcorper eros, in rutrum velit. Proin cursus orci sit amet lobortis iaculis. Praesent condimentum eget felis ut laoreet. Aliquam sodales dolor id mi iaculis, non fermentum leo viverra. Aenean aliquet condimentum placerat. Aenean aliquet diam arcu. Curabitur ac ligula sem. Mauris tincidunt mauris at ligula tincidunt interdum. Vestibulum ante ipsum primis in faucibus orci luctus et ultrices posuere cubilia Curae; Phasellus sagittis, eros.</p>','2020-02-15 08:22:31','2020-02-15 08:22:31',498);
/*!40000 ALTER TABLE `descriptions` ENABLE KEYS */;
UNLOCK TABLES;

--
-- Table structure for table `favorites`
--

DROP TABLE IF EXISTS `favorites`;
/*!40101 SET @saved_cs_client     = @@character_set_client */;
/*!50503 SET character_set_client = utf8mb4 */;
CREATE TABLE `favorites` (
  `id` int(11) NOT NULL AUTO_INCREMENT,
  `poolevent_id` int(11) NOT NULL,
  `user_id` varchar(128) NOT NULL,
  `created_at` timestamp NOT NULL DEFAULT CURRENT_TIMESTAMP,
  PRIMARY KEY (`id`),
  UNIQUE KEY `id_UNIQUE` (`id`),
  KEY `userfave_idx` (`user_id`),
  KEY `poolevent_fave_idx` (`poolevent_id`)
) ENGINE=InnoDB AUTO_INCREMENT=67 DEFAULT CHARSET=utf8mb4 COLLATE=utf8mb4_0900_ai_ci;
/*!40101 SET character_set_client = @saved_cs_client */;

--
-- Dumping data for table `favorites`
--

LOCK TABLES `favorites` WRITE;
/*!40000 ALTER TABLE `favorites` DISABLE KEYS */;
INSERT INTO `favorites` VALUES (44,381,'4a74141e-c2c0-46a0-9c0c-84bef8be7d0f','2019-12-26 21:55:35'),(45,382,'4a74141e-c2c0-46a0-9c0c-84bef8be7d0f','2019-12-26 21:55:36'),(46,380,'4a74141e-c2c0-46a0-9c0c-84bef8be7d0f','2019-12-26 21:55:53'),(47,380,'8d411dc4-e76f-4d0e-a027-056a0bc43be5','2019-12-27 15:23:31'),(48,383,'8d411dc4-e76f-4d0e-a027-056a0bc43be5','2019-12-27 15:23:35'),(49,385,'8d411dc4-e76f-4d0e-a027-056a0bc43be5','2019-12-27 18:49:12'),(50,394,'8d411dc4-e76f-4d0e-a027-056a0bc43be5','2019-12-29 23:12:15'),(51,407,'8d411dc4-e76f-4d0e-a027-056a0bc43be5','2019-12-30 19:11:06'),(52,406,'4a74141e-c2c0-46a0-9c0c-84bef8be7d0f','2020-01-02 08:43:32'),(54,420,'4a74141e-c2c0-46a0-9c0c-84bef8be7d0f','2020-01-07 19:04:25'),(55,420,'8d411dc4-e76f-4d0e-a027-056a0bc43be5','2020-01-07 20:32:15'),(56,447,'8d411dc4-e76f-4d0e-a027-056a0bc43be5','2020-01-07 20:58:03'),(58,451,'8d411dc4-e76f-4d0e-a027-056a0bc43be5','2020-01-10 13:35:38'),(60,450,'8d411dc4-e76f-4d0e-a027-056a0bc43be5','2020-01-10 13:43:47'),(62,458,'4a74141e-c2c0-46a0-9c0c-84bef8be7d0f','2020-01-11 19:40:08'),(63,459,'4a74141e-c2c0-46a0-9c0c-84bef8be7d0f','2020-01-11 19:40:09'),(64,460,'4a74141e-c2c0-46a0-9c0c-84bef8be7d0f','2020-01-11 19:40:11'),(65,465,'8d411dc4-e76f-4d0e-a027-056a0bc43be5','2020-02-10 21:29:25'),(66,465,'4a74141e-c2c0-46a0-9c0c-84bef8be7d0f','2020-02-12 21:56:06');
/*!40000 ALTER TABLE `favorites` ENABLE KEYS */;
UNLOCK TABLES;

--
-- Table structure for table `locations`
--

DROP TABLE IF EXISTS `locations`;
/*!40101 SET @saved_cs_client     = @@character_set_client */;
/*!50503 SET character_set_client = utf8mb4 */;
CREATE TABLE `locations` (
  `id` int(11) NOT NULL AUTO_INCREMENT,
  `poolevent_id` int(11) NOT NULL,
  `route` varchar(45) NOT NULL,
  `street_number` varchar(45) NOT NULL,
  `full_address` varchar(45) DEFAULT NULL,
  `longitude` varchar(45) NOT NULL,
  `latitude` varchar(45) NOT NULL,
  `locality` varchar(45) NOT NULL,
  `country` varchar(45) DEFAULT NULL,
  `postal_code` varchar(45) DEFAULT NULL,
  `desc` text,
  PRIMARY KEY (`id`),
  UNIQUE KEY `id_UNIQUE` (`id`)
) ENGINE=InnoDB AUTO_INCREMENT=427 DEFAULT CHARSET=utf8mb4 COLLATE=utf8mb4_0900_ai_ci;
/*!40101 SET character_set_client = @saved_cs_client */;

--
-- Dumping data for table `locations`
--

LOCK TABLES `locations` WRITE;
/*!40000 ALTER TABLE `locations` DISABLE KEYS */;
INSERT INTO `locations` VALUES (384,456,'Schnefelder Chaussee','2','Schnefelder Chaussee 2, 12524 Berlin','13.53542','52.41835','Berlin','','12524','Lorem ipsum dolor sit amet, consectetur adipiscing elit. Etiam et fermentum dui. Ut orci quam, ornare sed lorem sed, hendrerit auctor dolor. Nulla viverra, nibh quis ultrices malesuada, ligula ipsum vulputate diam, aliquam egestas nibh ante vel dui. Sed in tellus interdum eros vulputate placerat sed non enim. Pellentesque eget justo porttitor urna dictum fermentum sit amet sed mauris. Praesent molestie vestibulum erat ac rhoncus. Aenean nunc risus, accumsan nec ipsum et, convallis sollicitudin dui. Proin dictum quam a semper malesuada. Etiam porta sit amet risus quis porta. Nulla facilisi. Cras at interdum ante. Ut gravida pharetra ligula vitae malesuada.'),(385,457,'Schnefelder Chaussee','2','Schnefelder Chaussee 2, 12524 Berlin','13.53542','52.41835','Berlin','','12524','Lorem ipsum dolor sit amet, consectetur adipiscing elit. Etiam et fermentum dui. Ut orci quam, ornare sed lorem sed, hendrerit auctor dolor. Nulla viverra, nibh quis ultrices malesuada, ligula ipsum vulputate diam, aliquam egestas nibh ante vel dui. Sed in tellus interdum eros vulputate placerat sed non enim. Pellentesque eget justo porttitor urna dictum fermentum sit amet sed mauris. Praesent molestie vestibulum erat ac rhoncus. Aenean nunc risus, accumsan nec ipsum et, convallis sollicitudin dui. Proin dictum quam a semper malesuada. Etiam porta sit amet risus quis porta. Nulla facilisi. Cras at interdum ante. Ut gravida pharetra ligula vitae malesuada.'),(386,458,'Schnefelder Chaussee','2','Schnefelder Chaussee 2, 12524 Berlin','13.53542','52.41835','Berlin','','12524','Lorem ipsum dolor sit amet, consectetur adipiscing elit. Etiam et fermentum dui. Ut orci quam, ornare sed lorem sed, hendrerit auctor dolor. Nulla viverra, nibh quis ultrices malesuada, ligula ipsum vulputate diam, aliquam egestas nibh ante vel dui. Sed in tellus interdum eros vulputate placerat sed non enim. Pellentesque eget justo porttitor urna dictum fermentum sit amet sed mauris. Praesent molestie vestibulum erat ac rhoncus. Aenean nunc risus, accumsan nec ipsum et, convallis sollicitudin dui. Proin dictum quam a semper malesuada. Etiam porta sit amet risus quis porta. Nulla facilisi. Cras at interdum ante. Ut gravida pharetra ligula vitae malesuada.'),(387,459,'Schnefelder Chaussee','2','Schnefelder Chaussee 2, 12524 Berlin','13.53542','52.41835','Berlin','','12524','Lorem ipsum dolor sit amet, consectetur adipiscing elit. Etiam et fermentum dui. Ut orci quam, ornare sed lorem sed, hendrerit auctor dolor. Nulla viverra, nibh quis ultrices malesuada, ligula ipsum vulputate diam, aliquam egestas nibh ante vel dui. Sed in tellus interdum eros vulputate placerat sed non enim. Pellentesque eget justo porttitor urna dictum fermentum sit amet sed mauris. Praesent molestie vestibulum erat ac rhoncus. Aenean nunc risus, accumsan nec ipsum et, convallis sollicitudin dui. Proin dictum quam a semper malesuada. Etiam porta sit amet risus quis porta. Nulla facilisi. Cras at interdum ante. Ut gravida pharetra ligula vitae malesuada.'),(388,460,'Schnefelder Chaussee','2','Schnefelder Chaussee 2, 12524 Berlin','13.53542','52.41835','Berlin','','12524','Lorem ipsum dolor sit amet, consectetur adipiscing elit. Etiam et fermentum dui. Ut orci quam, ornare sed lorem sed, hendrerit auctor dolor. Nulla viverra, nibh quis ultrices malesuada, ligula ipsum vulputate diam, aliquam egestas nibh ante vel dui. Sed in tellus interdum eros vulputate placerat sed non enim. Pellentesque eget justo porttitor urna dictum fermentum sit amet sed mauris. Praesent molestie vestibulum erat ac rhoncus. Aenean nunc risus, accumsan nec ipsum et, convallis sollicitudin dui. Proin dictum quam a semper malesuada. Etiam porta sit amet risus quis porta. Nulla facilisi. Cras at interdum ante. Ut gravida pharetra ligula vitae malesuada.'),(389,461,'Schnefelder Chaussee','2','Schnefelder Chaussee 2, 12524 Berlin','13.53542','52.41835','Berlin','','12524','Lorem ipsum dolor sit amet, consectetur adipiscing elit. Etiam et fermentum dui. Ut orci quam, ornare sed lorem sed, hendrerit auctor dolor. Nulla viverra, nibh quis ultrices malesuada, ligula ipsum vulputate diam, aliquam egestas nibh ante vel dui. Sed in tellus interdum eros vulputate placerat sed non enim. Pellentesque eget justo porttitor urna dictum fermentum sit amet sed mauris. Praesent molestie vestibulum erat ac rhoncus. Aenean nunc risus, accumsan nec ipsum et, convallis sollicitudin dui. Proin dictum quam a semper malesuada. Etiam porta sit amet risus quis porta. Nulla facilisi. Cras at interdum ante. Ut gravida pharetra ligula vitae malesuada.'),(390,462,'Schnhauser Allee','2','Schnhauser Allee 2, 10119 Berlin','13.41067','52.52889','Berlin','','10119','Lorem ipsum dolor sit amet, consectetur adipiscing elit. Etiam et fermentum dui.'),(391,463,'Schnhauser Allee','2','Schnhauser Allee 2, 10119 Berlin','13.41067','52.52889','Berlin','','10119','Lorem ipsum dolor sit amet, consectetur adipiscing elit. Etiam et fermentum dui.'),(392,464,'Radler Strae','2','Radler Strae 2, 87600 Kaufbeuren','10.6349513','47.9052502','Kaufbeuren','','87600','Lorem ipsum dolor sit amet, consectetur adipiscing elit. Etiam et fermentum dui. Ut orci quam, ornare sed lorem sed, hendrerit auctor dolor. Nulla viverra, nibh quis ultrices malesuada, ligula ipsum.'),(393,465,'Radler Strae','2','Radler Strae 2, 87600 Kaufbeuren','10.6349513','47.9052502','Kaufbeuren','','87600','Lorem ipsum dolor sit amet, consectetur adipiscing elit. Etiam et fermentum dui. Ut orci quam, ornare sed lorem sed, hendrerit auctor dolor. Nulla viverra, nibh quis ultrices malesuada, ligula ipsum.'),(394,466,'Wall Street','2','Wall Street 2, 10005 New York','-74.0113063','40.7077394','New York','','10005','Lorem ipsum dolor sit amet, consectetur adipiscing elit. Etiam et fermentum dui. Ut orci quam, ornare sed lorem sed, hendrerit auctor dolor. Nulla viverra, nibh quis ultrices malesuada, ligula ipsum vulputate diam, aliquam egestas nibh ante vel dui. Sed in tellus interdum eros vulputate placerat sed non enim. Pellentesque eget justo porttitor urna dictum fermentum sit amet sed mauris. Praesent molestie vestibulum erat ac rhoncus. Aenean nunc risus, accumsan nec ipsum et, convallis sollicitudin dui. Proin dictum quam a semper malesuada. Etiam porta sit amet risus quis porta. Nulla facilisi. Cras at interdum ante. Ut gravida pharetra ligula vitae malesuada. Sed eget libero et arcu tempor tincidunt in ac lectus. Maecenas vitae felis enim. In in tellus consequat, condimentum eros vitae, lacinia risus. Sed vehicula sem sed risus volutpat elementum.\n\nNunc accumsan tempus nunc ac aliquet. Integer non ullamcorper eros, in rutrum velit. Proin cursus orci sit amet lobortis iaculis. Praesent cond'),(395,467,'Wall Street','2','Wall Street 2, 10005 New York','-74.0113063','40.7077394','New York','','10005','Lorem ipsum dolor sit amet, consectetur adipiscing elit. Etiam et fermentum dui. Ut orci quam, ornare sed lorem sed, hendrerit auctor dolor. Nulla viverra, nibh quis ultrices malesuada, ligula ipsum vulputate diam, aliquam egestas nibh ante vel dui. Sed in tellus interdum eros vulputate placerat sed non enim. Pellentesque eget justo porttitor urna dictum fermentum sit amet sed mauris. Praesent molestie vestibulum erat ac rhoncus. Aenean nunc risus, accumsan nec ipsum et, convallis sollicitudin dui. Proin dictum quam a semper malesuada. Etiam porta sit amet risus quis porta. Nulla facilisi. Cras at interdum ante. Ut gravida pharetra ligula vitae malesuada. Sed eget libero et arcu tempor tincidunt in ac lectus. Maecenas vitae felis enim. In in tellus consequat, condimentum eros vitae, lacinia risus. Sed vehicula sem sed risus volutpat elementum.\n\nNunc accumsan tempus nunc ac aliquet. Integer non ullamcorper eros, in rutrum velit. Proin cursus orci sit amet lobortis iaculis. Praesent cond'),(396,468,'Wall Street','2','Wall Street 2, 10005 New York','-74.0113063','40.7077394','New York','','10005','Lorem ipsum dolor sit amet, consectetur adipiscing elit. Etiam et fermentum dui. Ut orci quam, ornare sed lorem sed, hendrerit auctor dolor. Nulla viverra, nibh quis ultrices malesuada, ligula ipsum vulputate diam, aliquam egestas nibh ante vel dui. Sed in tellus interdum eros vulputate placerat sed non enim. Pellentesque eget justo porttitor urna dictum fermentum sit amet sed mauris. Praesent molestie vestibulum erat ac rhoncus. Aenean nunc risus, accumsan nec ipsum et, convallis sollicitudin dui. Proin dictum quam a semper malesuada. Etiam porta sit amet risus quis porta. Nulla facilisi. Cras at interdum ante. Ut gravida pharetra ligula vitae malesuada. Sed eget libero et arcu tempor tincidunt in ac lectus. Maecenas vitae felis enim. In in tellus consequat, condimentum eros vitae, lacinia risus. Sed vehicula sem sed risus volutpat elementum.\n\nNunc accumsan tempus nunc ac aliquet. Integer non ullamcorper eros, in rutrum velit. Proin cursus orci sit amet lobortis iaculis. Praesent cond'),(397,469,'Wall Street','2','Wall Street 2, 10005 New York','-74.0113063','40.7077394','New York','','10005','Lorem ipsum dolor sit amet, consectetur adipiscing elit. Etiam et fermentum dui. Ut orci quam, ornare sed lorem sed, hendrerit auctor dolor. Nulla viverra, nibh quis ultrices malesuada, ligula ipsum vulputate diam, aliquam egestas nibh ante vel dui. Sed in tellus interdum eros vulputate placerat sed non enim. Pellentesque eget justo porttitor urna dictum fermentum sit amet sed mauris. Praesent molestie vestibulum erat ac rhoncus. Aenean nunc risus, accumsan nec ipsum et, convallis sollicitudin dui. Proin dictum quam a semper malesuada. Etiam porta sit amet risus quis porta. Nulla facilisi. Cras at interdum ante. Ut gravida pharetra ligula vitae malesuada. Sed eget libero et arcu tempor tincidunt in ac lectus. Maecenas vitae felis enim. In in tellus consequat, condimentum eros vitae, lacinia risus. Sed vehicula sem sed risus volutpat elementum.\n\nNunc accumsan tempus nunc ac aliquet. Integer non ullamcorper eros, in rutrum velit. Proin cursus orci sit amet lobortis iaculis. Praesent cond'),(398,470,'Lorettostrae','2','Lorettostrae 2, 40219 Dsseldorf','6.7673341','51.2149774','Dsseldorf','','40219','Lorem ipsum dolor sit amet, consectetur adipiscing elit. Etiam et fermentum dui.'),(399,471,'Sacramento Street','2','Sacramento Street 2, 94111 San Francisco','-122.3981838','37.7945759','San Francisco','','94111','Lorem ipsum dolor sit amet, consectetur adipiscing elit. Etiam et fermentum dui. Ut orci quam, ornare sed lorem sed, hendrerit auctor dolor. Nulla viverra, nibh quis ultrices malesuada, ligula ipsum.'),(400,472,'Warschauer Strae','12','Warschauer Strae 12, 10243 Berlin','13.4525667','52.5132387','Berlin','','10243','Lorem ipsum dolor sit amet, consectetur adipiscing elit. Etiam et fermentum dui.'),(401,473,'Warschauer Strae','12','Warschauer Strae 12, 10243 Berlin','13.4525667','52.5132387','Berlin','','10243','Lorem ipsum.'),(402,474,'Warschauer Strae','12','Warschauer Strae 12, 10243 Berlin','13.4525667','52.5132387','Berlin','','10243','Lorem ipsum.'),(403,475,'Lorettostrae','2','Lorettostrae 2, 40219 Dsseldorf','6.7673341','51.2149774','Dsseldorf','','40219','Lorem ipsum dolor sit amet, consectetur adipiscing elit. Etiam et fermentum dui. Ut orci quam, ornare sed lorem sed, hendrerit auctor dolor. Nulla viverra, nibh quis ultrices malesuada, ligula ipsum vulputate diam, aliquam egestas nibh ante vel dui. Sed in tellus interdum eros vulputate placerat sed non enim. Pellentesque eget justo porttitor urna dictum fermentum sit amet sed mauris. Praesent molestie vestibulum erat ac rhoncus. Aenean nunc risus, accumsan nec ipsum et, convallis sollicitudin dui. Proin dictum quam a semper malesuada. Etiam porta sit amet risus quis porta. Nulla facilisi. Cras at interdum ante. Ut gravida pharetra ligula vitae malesuada.'),(404,476,'Lorettostrae','2','Lorettostrae 2, 40219 Dsseldorf','6.7673341','51.2149774','Dsseldorf','','40219','Lorem ipsum dolor sit amet, consectetur adipiscing elit. Etiam et fermentum dui. Ut orci quam, ornare sed lorem sed, hendrerit auctor dolor. Nulla viverra, nibh quis ultrices malesuada, ligula ipsum vulputate diam, aliquam egestas nibh ante vel dui. Sed in tellus interdum eros vulputate placerat sed non enim. Pellentesque eget justo porttitor urna dictum fermentum sit amet sed mauris. Praesent molestie vestibulum erat ac rhoncus. Aenean nunc risus, accumsan nec ipsum et, convallis sollicitudin dui. Proin dictum quam a semper malesuada. Etiam porta sit amet risus quis porta. Nulla facilisi. Cras at interdum ante. Ut gravida pharetra ligula vitae malesuada.'),(405,477,'Wall Street','21','Wall Street 21, 10005 New York','-74.01057329999999','40.7071047','New York','','10005','Lorem ipsum dolor sit amet, consectetur adipiscing elit. Etiam et fermentum dui. Ut orci quam, ornare sed lorem sed, hendrerit auctor dolor. Nulla viverra, nibh quis ultrices malesuada, ligula ipsum vulputate diam, aliquam egestas nibh ante vel dui. Sed in tellus interdum eros vulputate placerat sed non enim. Pellentesque eget.'),(406,478,'Lorettostrae','2','Lorettostrae 2, 40219 Dsseldorf','6.7673341','51.2149774','Dsseldorf','','40219','Lorem ipsum dolor sit amet, consectetur adipiscing elit. Etiam et fermentum dui.'),(407,479,'Lorettostrae','2','Lorettostrae 2, 40219 Dsseldorf','6.7673341','51.2149774','Dsseldorf','','40219','Lorem ipsum dolor sit amet, consectetur adipiscing elit. Etiam et fermentum dui.'),(408,480,'Lorettostrae','2','Lorettostrae 2, 40219 Dsseldorf','6.7673341','51.2149774','Dsseldorf','','40219','Lorem ipsum dolor sit amet, consectetur adipiscing elit. Etiam et fermentum dui.'),(409,481,'Lorettostrae','2','Lorettostrae 2, 40219 Dsseldorf','6.7673341','51.2149774','Dsseldorf','','40219','Lorem ipsum dolor sit amet, consectetur adipiscing elit. Etiam et fermentum dui.'),(410,482,'Lorettostrae','2','Lorettostrae 2, 40219 Dsseldorf','6.7673341','51.2149774','Dsseldorf','','40219','Lorem ipsum dolor sit amet, consectetur adipiscing elit. Etiam et fermentum dui.'),(411,483,'Warschauer Strae','12','Warschauer Strae 12, 10243 Berlin','13.4525667','52.5132387','Berlin','','10243','Lorem ipsum dolor sit amet, consectetur adipiscing elit. Etiam et fermentum dui.'),(412,484,'Redenstrae','2','Redenstrae 2, 30171 Hannover','9.7592384','52.3646459','Hannover','','30171','Lorem ipsum dolor sit amet, consectetur adipiscing elit. Etiam et fermentum dui.'),(413,485,'Redenstrae','2','Redenstrae 2, 30171 Hannover','9.7592384','52.3646459','Hannover','','30171','Lorem ipsum dolor sit amet, consectetur adipiscing elit. Etiam et fermentum dui.'),(414,486,'Turmstrae','2','Turmstrae 2, 10559 Berlin','13.3541875','52.5268077','Berlin','','10559','Lorem ipsum dolor sit amet, consectetur adipiscing elit. Etiam et fermentum dui. Ut orci quam, ornare sed lorem sed, hendrerit auctor dolor. Nulla viverra, nibh quis ultrices malesuada, ligula ipsum vulputate diam, aliquam egestas nibh ante vel dui. Sed in tellus interdum eros vulputate placerat sed non enim. Pellentesque eget justo porttitor urna dictum fermentum sit amet sed mauris. Praesent molestie vestibulum erat ac rhoncus. Aenean nunc risus, accumsan nec ipsum et, convallis sollicitudin dui. Proin dictum quam a semper malesuada. Etiam porta sit amet risus quis porta. Nulla facilisi. Cras at interdum ante. Ut gravida pharetra ligula vitae malesuada.'),(415,487,'Turmstrae','2','Turmstrae 2, 10559 Berlin','13.3541875','52.5268077','Berlin','','10559','Lorem ipsum dolor sit amet, consectetur adipiscing elit. Etiam et fermentum dui. Ut orci quam, ornare sed lorem sed, hendrerit auctor dolor. Nulla viverra, nibh quis ultrices malesuada, ligula ipsum vulputate diam, aliquam egestas nibh ante vel dui. Sed in tellus interdum eros vulputate placerat sed non enim. Pellentesque eget justo porttitor urna dictum fermentum sit amet sed mauris. Praesent molestie vestibulum erat ac rhoncus. Aenean nunc risus, accumsan nec ipsum et, convallis sollicitudin dui. Proin dictum quam a semper malesuada. Etiam porta sit amet risus quis porta. Nulla facilisi. Cras at interdum ante. Ut gravida pharetra ligula vitae malesuada.'),(416,488,'Turmstrae','2','Turmstrae 2, 10559 Berlin','13.3541875','52.5268077','Berlin','','10559','Lorem ipsum dolor sit amet, consectetur adipiscing elit. Etiam et fermentum dui. Ut orci quam, ornare sed lorem sed, hendrerit auctor dolor. Nulla viverra, nibh quis ultrices malesuada, ligula ipsum vulputate diam, aliquam egestas nibh ante vel dui. Sed in tellus interdum eros vulputate placerat sed non enim. Pellentesque eget justo porttitor urna dictum fermentum sit amet sed mauris. Praesent molestie vestibulum erat ac rhoncus. Aenean nunc risus, accumsan nec ipsum et, convallis sollicitudin dui. Proin dictum quam a semper malesuada. Etiam porta sit amet risus quis porta. Nulla facilisi. Cras at interdum ante. Ut gravida pharetra ligula vitae malesuada.'),(417,489,'Turmstrae','2','Turmstrae 2, 10559 Berlin','13.3541875','52.5268077','Berlin','','10559','Lorem ipsum dolor sit amet, consectetur adipiscing elit. Etiam et fermentum dui. Ut orci quam, ornare sed lorem sed, hendrerit auctor dolor. Nulla viverra, nibh quis ultrices malesuada, ligula ipsum vulputate diam, aliquam egestas nibh ante vel dui. Sed in tellus interdum eros vulputate placerat sed non enim. Pellentesque eget justo porttitor urna dictum fermentum sit amet sed mauris. Praesent molestie vestibulum erat ac rhoncus. Aenean nunc risus, accumsan nec ipsum et, convallis sollicitudin dui. Proin dictum quam a semper malesuada. Etiam porta sit amet risus quis porta. Nulla facilisi. Cras at interdum ante. Ut gravida pharetra ligula vitae malesuada.'),(418,490,'Turmstrae','2','Turmstrae 2, 10559 Berlin','13.3541875','52.5268077','Berlin','','10559','Lorem ipsum dolor sit amet, consectetur adipiscing elit. Etiam et fermentum dui. Ut orci quam, ornare sed lorem sed, hendrerit auctor dolor. Nulla viverra, nibh quis ultrices malesuada, ligula ipsum vulputate diam, aliquam egestas nibh ante vel dui. Sed in tellus interdum eros vulputate placerat sed non enim. Pellentesque eget justo porttitor urna dictum fermentum sit amet sed mauris. Praesent molestie vestibulum erat ac rhoncus. Aenean nunc risus, accumsan nec ipsum et, convallis sollicitudin dui. Proin dictum quam a semper malesuada. Etiam porta sit amet risus quis porta. Nulla facilisi. Cras at interdum ante. Ut gravida pharetra ligula vitae malesuada.'),(419,491,'Turmstrae','2','Turmstrae 2, 10559 Berlin','13.3541875','52.5268077','Berlin','','10559','Lorem ipsum dolor sit amet, consectetur adipiscing elit. Etiam et fermentum dui. Ut orci quam, ornare sed lorem sed, hendrerit auctor dolor. Nulla viverra, nibh quis ultrices malesuada, ligula ipsum vulputate diam, aliquam egestas nibh ante vel dui. Sed in tellus interdum eros vulputate placerat sed non enim. Pellentesque eget justo porttitor urna dictum fermentum sit amet sed mauris. Praesent molestie vestibulum erat ac rhoncus. Aenean nunc risus, accumsan nec ipsum et, convallis sollicitudin dui. Proin dictum quam a semper malesuada. Etiam porta sit amet risus quis porta. Nulla facilisi. Cras at interdum ante. Ut gravida pharetra ligula vitae malesuada.'),(420,492,'Fucking','2','Fucking 2, 5121 Fucking','12.8639174','48.06760429999999','Fucking','','5121','Lorem ipsum dolor sit amet, consectetur adipiscing elit. Etiam et fermentum dui. Ut orci quam, ornare sed lorem sed, hendrerit auctor dolor. Nulla viverra, nibh quis ultrices malesuada, ligula ipsum vulputate diam, aliquam egestas nibh ante vel dui. Sed in tellus interdum eros vulputate placerat sed non enim. Pellentesque eget justo porttitor urna dictum fermentum sit amet sed mauris. Praesent molestie vestibulum erat ac rhoncus. Aenean nunc risus, accumsan nec ipsum et, convallis sollicitudin dui. Proin dictum quam a semper malesuada. Etiam porta sit amet risus quis porta. Nulla facilisi. Cras at interdum ante. Ut gravida pharetra ligula vitae malesuada.'),(421,493,'Fucking','2','Fucking 2, 5121 Fucking','12.8639174','48.06760429999999','Fucking','','5121','Lorem ipsum dolor sit amet, consectetur adipiscing elit. Etiam et fermentum dui. Ut orci quam, ornare sed lorem sed, hendrerit auctor dolor. Nulla viverra, nibh quis ultrices malesuada, ligula ipsum vulputate diam, aliquam egestas nibh ante vel dui. Sed in tellus interdum eros vulputate placerat sed non enim. Pellentesque eget justo porttitor urna dictum fermentum sit amet sed mauris. Praesent molestie vestibulum erat ac rhoncus. Aenean nunc risus, accumsan nec ipsum et, convallis sollicitudin dui. Proin dictum quam a semper malesuada. Etiam porta sit amet risus quis porta. Nulla facilisi. Cras at interdum ante. Ut gravida pharetra ligula vitae malesuada.'),(422,494,'Fucking','2','Fucking 2, 5121 Fucking','12.8639174','48.06760429999999','Fucking','','5121','Lorem ipsum dolor sit amet, consectetur adipiscing elit. Etiam et fermentum dui. Ut orci quam, ornare sed lorem sed, hendrerit auctor dolor. Nulla viverra, nibh quis ultrices malesuada, ligula ipsum vulputate diam, aliquam egestas nibh ante vel dui. Sed in tellus interdum eros vulputate placerat sed non enim. Pellentesque eget justo porttitor urna dictum fermentum sit amet sed mauris. Praesent molestie vestibulum erat ac rhoncus. Aenean nunc risus, accumsan nec ipsum et, convallis sollicitudin dui. Proin dictum quam a semper malesuada. Etiam porta sit amet risus quis porta. Nulla facilisi. Cras at interdum ante. Ut gravida pharetra ligula vitae malesuada.'),(423,495,'Fucking','2','Fucking 2, 5121 Fucking','12.8639174','48.06760429999999','Fucking','','5121','Lorem ipsum dolor sit amet, consectetur adipiscing elit. Etiam et fermentum dui. Ut orci quam, ornare sed lorem sed, hendrerit auctor dolor. Nulla viverra, nibh quis ultrices malesuada, ligula ipsum vulputate diam, aliquam egestas nibh ante vel dui. Sed in tellus interdum eros vulputate placerat sed non enim. Pellentesque eget justo porttitor urna dictum fermentum sit amet sed mauris. Praesent molestie vestibulum erat ac rhoncus. Aenean nunc risus, accumsan nec ipsum et, convallis sollicitudin dui. Proin dictum quam a semper malesuada. Etiam porta sit amet risus quis porta. Nulla facilisi. Cras at interdum ante. Ut gravida pharetra ligula vitae malesuada.'),(424,496,'Fucking','2','Fucking 2, 5121 Fucking','12.8639174','48.06760429999999','Fucking','','5121','Lorem ipsum dolor sit amet, consectetur adipiscing elit. Etiam et fermentum dui. Ut orci quam, ornare sed lorem sed, hendrerit auctor dolor. Nulla viverra, nibh quis ultrices malesuada, ligula ipsum vulputate diam, aliquam egestas nibh ante vel dui. Sed in tellus interdum eros vulputate placerat sed non enim. Pellentesque eget justo porttitor urna dictum fermentum sit amet sed mauris. Praesent molestie vestibulum erat ac rhoncus. Aenean nunc risus, accumsan nec ipsum et, convallis sollicitudin dui. Proin dictum quam a semper malesuada. Etiam porta sit amet risus quis porta. Nulla facilisi. Cras at interdum ante. Ut gravida pharetra ligula vitae malesuada.'),(425,497,'Fucking','2','Fucking 2, 5121 Fucking','12.8639174','48.06760429999999','Fucking','','5121','Lorem ipsum dolor sit amet, consectetur adipiscing elit. Etiam et fermentum dui. Ut orci quam, ornare sed lorem sed, hendrerit auctor dolor. Nulla viverra, nibh quis ultrices malesuada, ligula ipsum vulputate diam, aliquam egestas nibh ante vel dui. Sed in tellus interdum eros vulputate placerat sed non enim. Pellentesque eget justo porttitor urna dictum fermentum sit amet sed mauris. Praesent molestie vestibulum erat ac rhoncus. Aenean nunc risus, accumsan nec ipsum et, convallis sollicitudin dui. Proin dictum quam a semper malesuada. Etiam porta sit amet risus quis porta. Nulla facilisi. Cras at interdum ante. Ut gravida pharetra ligula vitae malesuada.'),(426,498,'Schnhauser Allee','22','Schnhauser Allee 22, 10435 Berlin','13.4131641','52.5336742','Berlin','','10435','Lorem ipsum dolor sit amet, consectetur adipiscing elit. Etiam et fermentum dui. Ut orci quam, ornare sed lorem sed, hendrerit auctor dolor. Nulla viverra, nibh quis ultrices malesuada, ligula ipsum vulputate diam, aliquam egestas nibh ante vel dui. Sed in tellus interdum eros vulputate placerat sed non enim. Pellentesque eget justo porttitor urna dictum fermentum sit amet sed mauris. Praesent molestie vestibulum erat ac rhoncus. Aenean nunc risus, accumsan nec ipsum et, convallis sollicitudin dui. Proin dictum quam a semper malesuada. Etiam porta sit amet risus quis porta. Nulla facilisi. Cras at interdum ante. Ut gravida pharetra ligula vitae malesuada. Sed eget libero et arcu tempor tincidunt in ac lectus. Maecenas vitae felis enim. In in tellus consequat, condimentum eros vitae, lacinia risus. Sed vehicula sem sed risus volutpat elementum.\n\nNunc accumsan tempus nunc ac aliquet. Integer non ullamcorper eros, in rutrum velit. Proin cursus orci sit amet lobortis iaculis. Praesent cond');
/*!40000 ALTER TABLE `locations` ENABLE KEYS */;
UNLOCK TABLES;

--
-- Table structure for table `notification_badges`
--

DROP TABLE IF EXISTS `notification_badges`;
/*!40101 SET @saved_cs_client     = @@character_set_client */;
/*!50503 SET character_set_client = utf8mb4 */;
CREATE TABLE `notification_badges` (
  `id` int(11) NOT NULL,
  `notification_type` enum('NEW') DEFAULT NULL,
  `source_id` int(11) DEFAULT NULL,
  PRIMARY KEY (`id`)
) ENGINE=InnoDB DEFAULT CHARSET=utf8mb4 COLLATE=utf8mb4_0900_ai_ci;
/*!40101 SET character_set_client = @saved_cs_client */;

--
-- Dumping data for table `notification_badges`
--

LOCK TABLES `notification_badges` WRITE;
/*!40000 ALTER TABLE `notification_badges` DISABLE KEYS */;
INSERT INTO `notification_badges` VALUES (722,'NEW',378),(723,'NEW',379),(724,'NEW',382),(725,'NEW',384),(726,'NEW',382),(737,'NEW',379),(742,'NEW',380),(743,'NEW',385),(744,'NEW',381),(749,'NEW',386),(750,'NEW',384),(771,'NEW',376),(780,'NEW',377),(791,'NEW',378),(800,'NEW',385),(801,'NEW',383);
/*!40000 ALTER TABLE `notification_badges` ENABLE KEYS */;
UNLOCK TABLES;

--
-- Table structure for table `notification_poolevents`
--

DROP TABLE IF EXISTS `notification_poolevents`;
/*!40101 SET @saved_cs_client     = @@character_set_client */;
/*!50503 SET character_set_client = utf8mb4 */;
CREATE TABLE `notification_poolevents` (
  `id` int(11) NOT NULL,
  `notification_type` enum('NEW') DEFAULT NULL,
  `source_id` int(11) DEFAULT NULL,
  PRIMARY KEY (`id`)
) ENGINE=InnoDB DEFAULT CHARSET=utf8mb4 COLLATE=utf8mb4_0900_ai_ci;
/*!40101 SET character_set_client = @saved_cs_client */;

--
-- Dumping data for table `notification_poolevents`
--

LOCK TABLES `notification_poolevents` WRITE;
/*!40000 ALTER TABLE `notification_poolevents` DISABLE KEYS */;
INSERT INTO `notification_poolevents` VALUES (708,'NEW',456),(709,'NEW',457),(710,'NEW',458),(711,'NEW',459),(712,'NEW',460),(713,'NEW',461),(714,'NEW',462),(715,'NEW',462),(716,'NEW',463),(717,'NEW',463),(718,'NEW',464),(719,'NEW',464),(720,'NEW',465),(721,'NEW',465),(727,'NEW',466),(728,'NEW',466),(729,'NEW',467),(730,'NEW',467),(731,'NEW',468),(732,'NEW',468),(733,'NEW',469),(734,'NEW',469),(735,'NEW',470),(736,'NEW',470),(738,'NEW',471),(739,'NEW',471),(740,'NEW',472),(741,'NEW',472),(745,'NEW',473),(746,'NEW',473),(747,'NEW',474),(748,'NEW',474),(751,'NEW',475),(752,'NEW',475),(753,'NEW',476),(754,'NEW',476),(755,'NEW',477),(756,'NEW',477),(757,'NEW',478),(758,'NEW',478),(759,'NEW',479),(760,'NEW',479),(761,'NEW',480),(762,'NEW',480),(763,'NEW',481),(764,'NEW',481),(765,'NEW',482),(766,'NEW',482),(767,'NEW',483),(768,'NEW',483),(769,'NEW',484),(770,'NEW',484),(772,'NEW',485),(773,'NEW',485),(774,'NEW',486),(775,'NEW',486),(776,'NEW',487),(777,'NEW',487),(778,'NEW',488),(779,'NEW',488),(781,'NEW',489),(782,'NEW',489),(783,'NEW',490),(784,'NEW',490),(785,'NEW',491),(786,'NEW',491),(787,'NEW',492),(788,'NEW',492),(789,'NEW',493),(790,'NEW',493),(792,'NEW',494),(793,'NEW',494),(794,'NEW',495),(795,'NEW',495),(796,'NEW',496),(797,'NEW',496),(798,'NEW',497),(799,'NEW',497),(802,'NEW',498),(803,'NEW',498);
/*!40000 ALTER TABLE `notification_poolevents` ENABLE KEYS */;
UNLOCK TABLES;

--
-- Table structure for table `notifications`
--

DROP TABLE IF EXISTS `notifications`;
/*!40101 SET @saved_cs_client     = @@character_set_client */;
/*!50503 SET character_set_client = utf8mb4 */;
CREATE TABLE `notifications` (
  `id` int(11) NOT NULL AUTO_INCREMENT,
  `user_id` varchar(128) NOT NULL,
  `type` enum('poolevents','comments','votes','badges') NOT NULL COMMENT 'ENUM(''PE_NEW'', \\\\\\\\n''PE_RELEASED'',\\\\\\\\n ''PE_CANCELLED'', \\\\\\\\n''NEW_COMMENT'', \\\\\\\\n''NEW_VOTE'', \\\\\\\\n''APPLICATION_REJECTED'',\\\\\\\\n ''APPLICATION_ACCEPETED,\\\\\\\\n)',
  `desc` text,
  `source_id` int(11) NOT NULL,
  `dirty` tinyint(1) DEFAULT '0',
  `created_at` timestamp NOT NULL DEFAULT CURRENT_TIMESTAMP,
  `trigger_id` varchar(128) DEFAULT NULL,
  PRIMARY KEY (`id`)
) ENGINE=InnoDB AUTO_INCREMENT=804 DEFAULT CHARSET=utf8mb4 COLLATE=utf8mb4_0900_ai_ci;
/*!40101 SET character_set_client = @saved_cs_client */;

--
-- Dumping data for table `notifications`
--

LOCK TABLES `notifications` WRITE;
/*!40000 ALTER TABLE `notifications` DISABLE KEYS */;
INSERT INTO `notifications` VALUES (708,'4a74141e-c2c0-46a0-9c0c-84bef8be7d0f','poolevents',NULL,0,1,'2020-01-11 19:19:21',NULL),(709,'4a74141e-c2c0-46a0-9c0c-84bef8be7d0f','poolevents',NULL,0,1,'2020-01-11 19:19:38',NULL),(710,'4a74141e-c2c0-46a0-9c0c-84bef8be7d0f','poolevents',NULL,0,1,'2020-01-11 19:19:39',NULL),(711,'4a74141e-c2c0-46a0-9c0c-84bef8be7d0f','poolevents',NULL,0,1,'2020-01-11 19:19:40',NULL),(712,'4a74141e-c2c0-46a0-9c0c-84bef8be7d0f','poolevents',NULL,0,1,'2020-01-11 19:19:41',NULL),(713,'4a74141e-c2c0-46a0-9c0c-84bef8be7d0f','poolevents',NULL,0,1,'2020-01-11 19:19:41',NULL),(714,'4a74141e-c2c0-46a0-9c0c-84bef8be7d0f','poolevents',NULL,0,1,'2020-01-12 09:02:49',NULL),(715,'8d411dc4-e76f-4d0e-a027-056a0bc43be5','poolevents',NULL,0,1,'2020-01-12 09:02:49',NULL),(716,'4a74141e-c2c0-46a0-9c0c-84bef8be7d0f','poolevents',NULL,0,1,'2020-01-12 09:02:57',NULL),(717,'8d411dc4-e76f-4d0e-a027-056a0bc43be5','poolevents',NULL,0,1,'2020-01-12 09:02:57',NULL),(718,'4a74141e-c2c0-46a0-9c0c-84bef8be7d0f','poolevents',NULL,0,1,'2020-01-12 09:25:20',NULL),(719,'8d411dc4-e76f-4d0e-a027-056a0bc43be5','poolevents',NULL,0,1,'2020-01-12 09:25:20',NULL),(720,'4a74141e-c2c0-46a0-9c0c-84bef8be7d0f','poolevents',NULL,0,1,'2020-01-12 09:26:48',NULL),(721,'8d411dc4-e76f-4d0e-a027-056a0bc43be5','poolevents',NULL,0,1,'2020-01-12 09:26:48',NULL),(722,'4a74141e-c2c0-46a0-9c0c-84bef8be7d0f','badges','',378,1,'2020-01-12 09:26:48','4a74141e-c2c0-46a0-9c0c-84bef8be7d0f'),(723,'8d411dc4-e76f-4d0e-a027-056a0bc43be5','badges','',379,1,'2020-01-12 11:06:11','8d411dc4-e76f-4d0e-a027-056a0bc43be5'),(724,'8d411dc4-e76f-4d0e-a027-056a0bc43be5','badges','',382,1,'2020-01-12 11:06:28','8d411dc4-e76f-4d0e-a027-056a0bc43be5'),(725,'8d411dc4-e76f-4d0e-a027-056a0bc43be5','badges','',384,1,'2020-01-12 22:03:23','8d411dc4-e76f-4d0e-a027-056a0bc43be5'),(726,'4a74141e-c2c0-46a0-9c0c-84bef8be7d0f','badges','',382,1,'2020-01-13 17:44:27','4a74141e-c2c0-46a0-9c0c-84bef8be7d0f'),(727,'4a74141e-c2c0-46a0-9c0c-84bef8be7d0f','poolevents',NULL,0,1,'2020-01-13 19:31:22',NULL),(728,'8d411dc4-e76f-4d0e-a027-056a0bc43be5','poolevents',NULL,0,1,'2020-01-13 19:31:22',NULL),(729,'4a74141e-c2c0-46a0-9c0c-84bef8be7d0f','poolevents',NULL,0,1,'2020-01-13 19:31:28',NULL),(730,'8d411dc4-e76f-4d0e-a027-056a0bc43be5','poolevents',NULL,0,1,'2020-01-13 19:31:28',NULL),(731,'4a74141e-c2c0-46a0-9c0c-84bef8be7d0f','poolevents',NULL,0,1,'2020-01-13 19:31:37',NULL),(732,'8d411dc4-e76f-4d0e-a027-056a0bc43be5','poolevents',NULL,0,1,'2020-01-13 19:31:37',NULL),(733,'4a74141e-c2c0-46a0-9c0c-84bef8be7d0f','poolevents',NULL,0,1,'2020-01-13 19:33:21',NULL),(734,'8d411dc4-e76f-4d0e-a027-056a0bc43be5','poolevents',NULL,0,1,'2020-01-13 19:33:21',NULL),(735,'4a74141e-c2c0-46a0-9c0c-84bef8be7d0f','poolevents',NULL,0,1,'2020-01-13 20:26:01',NULL),(736,'8d411dc4-e76f-4d0e-a027-056a0bc43be5','poolevents',NULL,0,1,'2020-01-13 20:26:01',NULL),(737,'4a74141e-c2c0-46a0-9c0c-84bef8be7d0f','badges','',379,1,'2020-01-16 13:50:53','4a74141e-c2c0-46a0-9c0c-84bef8be7d0f'),(738,'4a74141e-c2c0-46a0-9c0c-84bef8be7d0f','poolevents',NULL,0,1,'2020-01-17 19:07:37',NULL),(739,'8d411dc4-e76f-4d0e-a027-056a0bc43be5','poolevents',NULL,0,1,'2020-01-17 19:07:37',NULL),(740,'4a74141e-c2c0-46a0-9c0c-84bef8be7d0f','poolevents',NULL,0,1,'2020-01-18 11:50:29',NULL),(741,'8d411dc4-e76f-4d0e-a027-056a0bc43be5','poolevents',NULL,0,1,'2020-01-18 11:50:29',NULL),(742,'4a74141e-c2c0-46a0-9c0c-84bef8be7d0f','badges','',380,1,'2020-01-22 08:18:59','4a74141e-c2c0-46a0-9c0c-84bef8be7d0f'),(743,'4a74141e-c2c0-46a0-9c0c-84bef8be7d0f','badges','',385,1,'2020-01-23 20:13:14','4a74141e-c2c0-46a0-9c0c-84bef8be7d0f'),(744,'4a74141e-c2c0-46a0-9c0c-84bef8be7d0f','badges','',381,1,'2020-01-23 20:19:57','4a74141e-c2c0-46a0-9c0c-84bef8be7d0f'),(745,'4a74141e-c2c0-46a0-9c0c-84bef8be7d0f','poolevents',NULL,0,1,'2020-01-27 13:32:18',NULL),(746,'8d411dc4-e76f-4d0e-a027-056a0bc43be5','poolevents',NULL,0,1,'2020-01-27 13:32:18',NULL),(747,'4a74141e-c2c0-46a0-9c0c-84bef8be7d0f','poolevents',NULL,0,1,'2020-01-27 13:38:06',NULL),(748,'8d411dc4-e76f-4d0e-a027-056a0bc43be5','poolevents',NULL,0,1,'2020-01-27 13:38:06',NULL),(749,'4a74141e-c2c0-46a0-9c0c-84bef8be7d0f','badges','',386,1,'2020-02-01 22:55:29','4a74141e-c2c0-46a0-9c0c-84bef8be7d0f'),(750,'4a74141e-c2c0-46a0-9c0c-84bef8be7d0f','badges','',384,1,'2020-02-09 22:32:05','4a74141e-c2c0-46a0-9c0c-84bef8be7d0f'),(751,'4a74141e-c2c0-46a0-9c0c-84bef8be7d0f','poolevents',NULL,0,1,'2020-02-10 12:34:22',NULL),(752,'8d411dc4-e76f-4d0e-a027-056a0bc43be5','poolevents',NULL,0,1,'2020-02-10 12:34:22',NULL),(753,'4a74141e-c2c0-46a0-9c0c-84bef8be7d0f','poolevents',NULL,0,1,'2020-02-10 12:35:41',NULL),(754,'8d411dc4-e76f-4d0e-a027-056a0bc43be5','poolevents',NULL,0,1,'2020-02-10 12:35:41',NULL),(755,'4a74141e-c2c0-46a0-9c0c-84bef8be7d0f','poolevents',NULL,0,1,'2020-02-10 12:39:29',NULL),(756,'8d411dc4-e76f-4d0e-a027-056a0bc43be5','poolevents',NULL,0,1,'2020-02-10 12:39:29',NULL),(757,'4a74141e-c2c0-46a0-9c0c-84bef8be7d0f','poolevents',NULL,0,1,'2020-02-10 12:46:21',NULL),(758,'8d411dc4-e76f-4d0e-a027-056a0bc43be5','poolevents',NULL,0,1,'2020-02-10 12:46:21',NULL),(759,'4a74141e-c2c0-46a0-9c0c-84bef8be7d0f','poolevents',NULL,0,1,'2020-02-10 12:49:08',NULL),(760,'8d411dc4-e76f-4d0e-a027-056a0bc43be5','poolevents',NULL,0,1,'2020-02-10 12:49:08',NULL),(761,'4a74141e-c2c0-46a0-9c0c-84bef8be7d0f','poolevents',NULL,0,1,'2020-02-10 12:58:02',NULL),(762,'8d411dc4-e76f-4d0e-a027-056a0bc43be5','poolevents',NULL,0,1,'2020-02-10 12:58:02',NULL),(763,'4a74141e-c2c0-46a0-9c0c-84bef8be7d0f','poolevents',NULL,0,1,'2020-02-10 12:58:40',NULL),(764,'8d411dc4-e76f-4d0e-a027-056a0bc43be5','poolevents',NULL,0,1,'2020-02-10 12:58:40',NULL),(765,'4a74141e-c2c0-46a0-9c0c-84bef8be7d0f','poolevents',NULL,0,1,'2020-02-10 13:00:57',NULL),(766,'8d411dc4-e76f-4d0e-a027-056a0bc43be5','poolevents',NULL,0,1,'2020-02-10 13:00:57',NULL),(767,'4a74141e-c2c0-46a0-9c0c-84bef8be7d0f','poolevents',NULL,0,1,'2020-02-10 13:22:58',NULL),(768,'8d411dc4-e76f-4d0e-a027-056a0bc43be5','poolevents',NULL,0,1,'2020-02-10 13:22:58',NULL),(769,'4a74141e-c2c0-46a0-9c0c-84bef8be7d0f','poolevents',NULL,0,1,'2020-02-10 16:40:17',NULL),(770,'8d411dc4-e76f-4d0e-a027-056a0bc43be5','poolevents',NULL,0,1,'2020-02-10 16:40:17',NULL),(771,'8d411dc4-e76f-4d0e-a027-056a0bc43be5','badges','',376,1,'2020-02-10 16:40:17','8d411dc4-e76f-4d0e-a027-056a0bc43be5'),(772,'4a74141e-c2c0-46a0-9c0c-84bef8be7d0f','poolevents',NULL,0,1,'2020-02-10 16:41:41',NULL),(773,'8d411dc4-e76f-4d0e-a027-056a0bc43be5','poolevents',NULL,0,1,'2020-02-10 16:41:41',NULL),(774,'4a74141e-c2c0-46a0-9c0c-84bef8be7d0f','poolevents',NULL,0,1,'2020-02-10 19:12:38',NULL),(775,'8d411dc4-e76f-4d0e-a027-056a0bc43be5','poolevents',NULL,0,1,'2020-02-10 19:12:38',NULL),(776,'4a74141e-c2c0-46a0-9c0c-84bef8be7d0f','poolevents',NULL,0,1,'2020-02-10 19:17:38',NULL),(777,'8d411dc4-e76f-4d0e-a027-056a0bc43be5','poolevents',NULL,0,1,'2020-02-10 19:17:38',NULL),(778,'4a74141e-c2c0-46a0-9c0c-84bef8be7d0f','poolevents',NULL,0,1,'2020-02-10 19:19:17',NULL),(779,'8d411dc4-e76f-4d0e-a027-056a0bc43be5','poolevents',NULL,0,1,'2020-02-10 19:19:17',NULL),(780,'8d411dc4-e76f-4d0e-a027-056a0bc43be5','badges','',377,1,'2020-02-10 19:19:17','8d411dc4-e76f-4d0e-a027-056a0bc43be5'),(781,'4a74141e-c2c0-46a0-9c0c-84bef8be7d0f','poolevents',NULL,0,1,'2020-02-10 19:20:03',NULL),(782,'8d411dc4-e76f-4d0e-a027-056a0bc43be5','poolevents',NULL,0,1,'2020-02-10 19:20:03',NULL),(783,'4a74141e-c2c0-46a0-9c0c-84bef8be7d0f','poolevents',NULL,0,1,'2020-02-10 19:20:04',NULL),(784,'8d411dc4-e76f-4d0e-a027-056a0bc43be5','poolevents',NULL,0,1,'2020-02-10 19:20:04',NULL),(785,'4a74141e-c2c0-46a0-9c0c-84bef8be7d0f','poolevents',NULL,0,1,'2020-02-10 19:20:05',NULL),(786,'8d411dc4-e76f-4d0e-a027-056a0bc43be5','poolevents',NULL,0,1,'2020-02-10 19:20:05',NULL),(787,'4a74141e-c2c0-46a0-9c0c-84bef8be7d0f','poolevents',NULL,0,1,'2020-02-10 21:10:25',NULL),(788,'8d411dc4-e76f-4d0e-a027-056a0bc43be5','poolevents',NULL,0,1,'2020-02-10 21:10:25',NULL),(789,'4a74141e-c2c0-46a0-9c0c-84bef8be7d0f','poolevents',NULL,0,1,'2020-02-10 21:10:43',NULL),(790,'8d411dc4-e76f-4d0e-a027-056a0bc43be5','poolevents',NULL,0,1,'2020-02-10 21:10:43',NULL),(791,'8d411dc4-e76f-4d0e-a027-056a0bc43be5','badges','',378,1,'2020-02-10 21:10:43','8d411dc4-e76f-4d0e-a027-056a0bc43be5'),(792,'4a74141e-c2c0-46a0-9c0c-84bef8be7d0f','poolevents',NULL,0,1,'2020-02-10 21:10:44',NULL),(793,'8d411dc4-e76f-4d0e-a027-056a0bc43be5','poolevents',NULL,0,1,'2020-02-10 21:10:44',NULL),(794,'4a74141e-c2c0-46a0-9c0c-84bef8be7d0f','poolevents',NULL,0,1,'2020-02-10 21:10:44',NULL),(795,'8d411dc4-e76f-4d0e-a027-056a0bc43be5','poolevents',NULL,0,1,'2020-02-10 21:10:44',NULL),(796,'4a74141e-c2c0-46a0-9c0c-84bef8be7d0f','poolevents',NULL,0,1,'2020-02-10 21:10:44',NULL),(797,'8d411dc4-e76f-4d0e-a027-056a0bc43be5','poolevents',NULL,0,1,'2020-02-10 21:10:44',NULL),(798,'4a74141e-c2c0-46a0-9c0c-84bef8be7d0f','poolevents',NULL,0,1,'2020-02-10 21:10:44',NULL),(799,'8d411dc4-e76f-4d0e-a027-056a0bc43be5','poolevents',NULL,0,1,'2020-02-10 21:10:44',NULL),(800,'8d411dc4-e76f-4d0e-a027-056a0bc43be5','badges','',385,1,'2020-02-10 21:59:21','8d411dc4-e76f-4d0e-a027-056a0bc43be5'),(801,'4a74141e-c2c0-46a0-9c0c-84bef8be7d0f','badges','',383,1,'2020-02-12 21:24:06','4a74141e-c2c0-46a0-9c0c-84bef8be7d0f'),(802,'4a74141e-c2c0-46a0-9c0c-84bef8be7d0f','poolevents',NULL,0,1,'2020-02-15 08:22:31',NULL),(803,'8d411dc4-e76f-4d0e-a027-056a0bc43be5','poolevents',NULL,0,1,'2020-02-15 08:22:31',NULL);
/*!40000 ALTER TABLE `notifications` ENABLE KEYS */;
UNLOCK TABLES;

--
-- Table structure for table `poolevent_trophies`
--

DROP TABLE IF EXISTS `poolevent_trophies`;
/*!40101 SET @saved_cs_client     = @@character_set_client */;
/*!50503 SET character_set_client = utf8mb4 */;
CREATE TABLE `poolevent_trophies` (
  `idpoolevent_trophie` int(10) unsigned NOT NULL AUTO_INCREMENT,
  `poolevent_id` int(11) NOT NULL,
  `trophie` enum('GOLD','SILVER','BRONZE') NOT NULL,
  `created_at` timestamp NOT NULL DEFAULT CURRENT_TIMESTAMP,
  PRIMARY KEY (`idpoolevent_trophie`)
) ENGINE=InnoDB AUTO_INCREMENT=550 DEFAULT CHARSET=utf8mb4 COLLATE=utf8mb4_0900_ai_ci;
/*!40101 SET character_set_client = @saved_cs_client */;

--
-- Dumping data for table `poolevent_trophies`
--

LOCK TABLES `poolevent_trophies` WRITE;
/*!40000 ALTER TABLE `poolevent_trophies` DISABLE KEYS */;
INSERT INTO `poolevent_trophies` VALUES (485,473,'GOLD','2020-01-27 13:32:26'),(486,473,'GOLD','2020-01-27 13:32:36'),(487,473,'GOLD','2020-01-27 13:38:23'),(488,474,'SILVER','2020-01-27 13:38:23'),(489,473,'GOLD','2020-01-27 14:07:04'),(490,474,'SILVER','2020-01-27 14:07:04'),(491,473,'GOLD','2020-01-27 14:39:58'),(492,474,'SILVER','2020-01-27 14:39:58'),(493,473,'GOLD','2020-01-27 15:14:49'),(494,474,'SILVER','2020-01-27 15:14:49'),(495,473,'GOLD','2020-01-27 15:40:55'),(496,474,'SILVER','2020-01-27 15:40:55'),(497,473,'GOLD','2020-01-27 20:53:56'),(498,474,'SILVER','2020-01-27 20:53:56'),(499,473,'GOLD','2020-01-27 21:14:16'),(500,474,'SILVER','2020-01-27 21:14:16'),(501,473,'GOLD','2020-01-27 21:34:36'),(502,474,'SILVER','2020-01-27 21:34:36'),(503,473,'GOLD','2020-01-27 21:54:56'),(504,474,'SILVER','2020-01-27 21:54:56'),(505,473,'GOLD','2020-01-27 22:15:16'),(506,474,'SILVER','2020-01-27 22:15:16'),(507,475,'GOLD','2020-02-10 13:05:20'),(508,476,'SILVER','2020-02-10 13:05:20'),(509,477,'BRONZE','2020-02-10 13:05:20'),(510,475,'GOLD','2020-02-10 13:25:40'),(511,476,'SILVER','2020-02-10 13:25:40'),(512,477,'BRONZE','2020-02-10 13:25:40'),(513,475,'GOLD','2020-02-10 15:12:54'),(514,476,'SILVER','2020-02-10 15:12:54'),(515,477,'BRONZE','2020-02-10 15:12:54'),(516,475,'GOLD','2020-02-10 15:33:14'),(517,476,'SILVER','2020-02-10 15:33:14'),(518,477,'BRONZE','2020-02-10 15:33:14'),(519,475,'GOLD','2020-02-10 16:19:47'),(520,476,'SILVER','2020-02-10 16:19:47'),(521,477,'BRONZE','2020-02-10 16:19:47'),(522,475,'GOLD','2020-02-10 17:02:32'),(523,476,'SILVER','2020-02-10 17:02:32'),(524,477,'BRONZE','2020-02-10 17:02:32'),(525,475,'GOLD','2020-02-10 17:22:52'),(526,476,'SILVER','2020-02-10 17:22:52'),(527,477,'BRONZE','2020-02-10 17:22:52'),(528,475,'GOLD','2020-02-10 17:43:12'),(529,476,'SILVER','2020-02-10 17:43:12'),(530,477,'BRONZE','2020-02-10 17:43:12'),(531,475,'GOLD','2020-02-10 18:03:32'),(532,476,'SILVER','2020-02-10 18:03:32'),(533,477,'BRONZE','2020-02-10 18:03:32'),(534,475,'GOLD','2020-02-10 18:23:52'),(535,476,'SILVER','2020-02-10 18:23:52'),(536,477,'BRONZE','2020-02-10 18:23:52'),(537,475,'GOLD','2020-02-10 18:44:12'),(538,476,'SILVER','2020-02-10 18:44:12'),(539,477,'BRONZE','2020-02-10 18:44:12'),(540,475,'GOLD','2020-02-10 19:05:29'),(541,476,'SILVER','2020-02-10 19:05:29'),(542,477,'BRONZE','2020-02-10 19:05:29'),(543,475,'GOLD','2020-02-10 20:28:04'),(544,476,'SILVER','2020-02-10 20:28:04'),(545,477,'BRONZE','2020-02-10 20:28:04'),(546,475,'GOLD','2020-02-10 21:15:40'),(547,476,'SILVER','2020-02-10 21:15:40'),(548,477,'BRONZE','2020-02-10 21:15:40'),(549,498,'GOLD','2020-02-15 09:01:40');
/*!40000 ALTER TABLE `poolevent_trophies` ENABLE KEYS */;
UNLOCK TABLES;

--
-- Table structure for table `poolevent_types`
--

DROP TABLE IF EXISTS `poolevent_types`;
/*!40101 SET @saved_cs_client     = @@character_set_client */;
/*!50503 SET character_set_client = utf8mb4 */;
CREATE TABLE `poolevent_types` (
  `idevent_type` int(11) NOT NULL AUTO_INCREMENT,
  `name` varchar(30) NOT NULL,
  `created_at` timestamp NOT NULL DEFAULT CURRENT_TIMESTAMP,
  PRIMARY KEY (`idevent_type`),
  UNIQUE KEY `name_UNIQUE` (`name`)
) ENGINE=InnoDB AUTO_INCREMENT=7 DEFAULT CHARSET=utf8mb4 COLLATE=utf8mb4_0900_ai_ci;
/*!40101 SET character_set_client = @saved_cs_client */;

--
-- Dumping data for table `poolevent_types`
--

LOCK TABLES `poolevent_types` WRITE;
/*!40000 ALTER TABLE `poolevent_types` DISABLE KEYS */;
INSERT INTO `poolevent_types` VALUES (1,'Netzwerk Treffen','2020-01-10 11:57:29'),(2,'concert','2020-01-10 11:57:29'),(3,'festival','2020-01-10 11:57:29'),(4,'goldeimer festival','2020-01-10 11:57:29'),(5,'run4wash','2020-01-10 11:57:29'),(6,'test','2020-01-10 11:57:29');
/*!40000 ALTER TABLE `poolevent_types` ENABLE KEYS */;
UNLOCK TABLES;

--
-- Table structure for table `poolevents`
--

DROP TABLE IF EXISTS `poolevents`;
/*!40101 SET @saved_cs_client     = @@character_set_client */;
/*!50503 SET character_set_client = utf8mb4 */;
CREATE TABLE `poolevents` (
  `id` int(11) NOT NULL AUTO_INCREMENT,
  `name` varchar(45) NOT NULL,
  `created_at` timestamp NOT NULL DEFAULT CURRENT_TIMESTAMP,
  `event_start` bigint(20) NOT NULL,
  `event_end` bigint(20) NOT NULL,
  `application_start` bigint(20) NOT NULL,
  `application_end` bigint(20) NOT NULL,
  `asp_event_id` varchar(128) DEFAULT NULL,
  `website` text,
  `supporter_lim` int(11) DEFAULT '0',
  `active_user_only` tinyint(1) DEFAULT '0',
  `user_id` varchar(128) NOT NULL,
  `edited_at` timestamp NULL DEFAULT CURRENT_TIMESTAMP ON UPDATE CURRENT_TIMESTAMP,
  `state` enum('UNRELEASED','RELEASED','REJECTED','DRAFT','CANCELED') NOT NULL DEFAULT 'UNRELEASED',
  `idevent_type` int(11) NOT NULL,
  `fave_count` int(11) NOT NULL DEFAULT '0',
  `is_deleted` bit(1) NOT NULL DEFAULT b'0',
  `crew` text,
  PRIMARY KEY (`id`)
) ENGINE=InnoDB AUTO_INCREMENT=499 DEFAULT CHARSET=utf8mb4 COLLATE=utf8mb4_0900_ai_ci;
/*!40101 SET character_set_client = @saved_cs_client */;

--
-- Dumping data for table `poolevents`
--

LOCK TABLES `poolevents` WRITE;
/*!40000 ALTER TABLE `poolevents` DISABLE KEYS */;
INSERT INTO `poolevents` VALUES (456,'Lorem ipsum dolor.','2020-01-11 19:19:21',0,0,0,0,'4a74141e-c2c0-46a0-9c0c-84bef8be7d0f','Lorem ipsum dolor.',3,0,'4a74141e-c2c0-46a0-9c0c-84bef8be7d0f','2020-01-11 20:11:22','RELEASED',0,0,_binary '\0',NULL),(457,'Lorem ipsum dolor.','2020-01-11 19:19:38',0,0,0,0,'4a74141e-c2c0-46a0-9c0c-84bef8be7d0f','Lorem ipsum dolor.',3,0,'4a74141e-c2c0-46a0-9c0c-84bef8be7d0f','2020-01-12 11:35:33','REJECTED',1,0,_binary '\0',NULL),(458,'scoop','2020-01-11 19:19:39',0,0,0,0,'4a74141e-c2c0-46a0-9c0c-84bef8be7d0f','Lorem ipsum dolor.',3,0,'4a74141e-c2c0-46a0-9c0c-84bef8be7d0f','2020-01-16 16:09:40','RELEASED',0,1,_binary '\0',NULL),(459,'Lorem ipsum dolor.','2020-01-11 19:19:40',0,0,0,0,'4a74141e-c2c0-46a0-9c0c-84bef8be7d0f','Lorem ipsum dolor.',3,0,'4a74141e-c2c0-46a0-9c0c-84bef8be7d0f','2020-01-23 09:43:32','CANCELED',1,1,_binary '\0',NULL),(460,'Lorem ipsum dolor.','2020-01-11 19:19:41',0,0,0,0,'4a74141e-c2c0-46a0-9c0c-84bef8be7d0f','Lorem ipsum dolor.',3,0,'4a74141e-c2c0-46a0-9c0c-84bef8be7d0f','2020-01-12 13:57:24','REJECTED',1,1,_binary '\0',NULL),(461,'Lorem ipsum dolor.','2020-01-11 19:19:41',0,0,0,0,'4a74141e-c2c0-46a0-9c0c-84bef8be7d0f','Lorem ipsum dolor.',3,0,'4a74141e-c2c0-46a0-9c0c-84bef8be7d0f','2020-01-26 16:17:50','CANCELED',1,0,_binary '\0',NULL),(462,'Lorem ipsum dolor.','2020-01-12 09:02:49',0,0,0,0,'4a74141e-c2c0-46a0-9c0c-84bef8be7d0f','lorem',5,0,'4a74141e-c2c0-46a0-9c0c-84bef8be7d0f','2020-02-09 19:16:46','REJECTED',6,0,_binary '\0',NULL),(463,'Lorem ipsum dolor.','2020-01-12 09:02:57',0,0,0,0,'4a74141e-c2c0-46a0-9c0c-84bef8be7d0f','lorem',5,0,'4a74141e-c2c0-46a0-9c0c-84bef8be7d0f','2020-01-23 11:17:40','CANCELED',6,0,_binary '\0',NULL),(464,'Radiohead','2020-01-12 09:25:20',0,0,0,0,'4a74141e-c2c0-46a0-9c0c-84bef8be7d0f','lorem',4,0,'4a74141e-c2c0-46a0-9c0c-84bef8be7d0f','2020-01-23 12:37:53','CANCELED',2,0,_binary '\0',NULL),(465,'Radiohead','2020-01-12 09:26:48',0,0,0,0,'4a74141e-c2c0-46a0-9c0c-84bef8be7d0f','lorem',4,0,'4a74141e-c2c0-46a0-9c0c-84bef8be7d0f','2020-02-12 21:56:06','RELEASED',2,2,_binary '\0',NULL),(466,'Lorem ipsum dolor.','2020-01-13 19:31:22',0,0,0,0,'4a74141e-c2c0-46a0-9c0c-84bef8be7d0f','lorem',3,0,'4a74141e-c2c0-46a0-9c0c-84bef8be7d0f','2020-01-13 19:50:36','RELEASED',3,0,_binary '\0',NULL),(467,'Lorem ipsum dolor.','2020-01-13 19:31:28',0,0,0,0,'4a74141e-c2c0-46a0-9c0c-84bef8be7d0f','lorem',3,0,'4a74141e-c2c0-46a0-9c0c-84bef8be7d0f','2020-01-13 20:57:08','RELEASED',3,0,_binary '\0',NULL),(468,'Lorem ipsum dolor.','2020-01-13 19:31:37',0,0,0,0,'4a74141e-c2c0-46a0-9c0c-84bef8be7d0f','lorem',3,0,'4a74141e-c2c0-46a0-9c0c-84bef8be7d0f','2020-01-23 12:13:13','RELEASED',3,0,_binary '\0',NULL),(469,'Lorem ipsum dolor.','2020-01-13 19:33:21',0,0,0,0,'4a74141e-c2c0-46a0-9c0c-84bef8be7d0f','www.lol.com',3,0,'4a74141e-c2c0-46a0-9c0c-84bef8be7d0f','2020-01-13 19:33:21','UNRELEASED',3,0,_binary '\0',NULL),(470,'tocotronic','2020-01-13 20:26:01',0,0,0,0,'4a74141e-c2c0-46a0-9c0c-84bef8be7d0f','www.lorem12.com',2,0,'4a74141e-c2c0-46a0-9c0c-84bef8be7d0f','2020-01-13 20:27:30','RELEASED',2,0,_binary '\0',NULL),(471,'Viva con agua','2020-01-17 19:07:37',0,0,0,0,'4a74141e-c2c0-46a0-9c0c-84bef8be7d0f','www.scoop.com',6,0,'4a74141e-c2c0-46a0-9c0c-84bef8be7d0f','2020-01-17 19:08:46','RELEASED',5,0,_binary '\0',NULL),(472,'Test 1','2020-01-18 11:50:29',0,0,0,0,'4a74141e-c2c0-46a0-9c0c-84bef8be7d0f','www.scoop-com.com',2,0,'4a74141e-c2c0-46a0-9c0c-84bef8be7d0f','2020-01-18 11:50:29','UNRELEASED',3,0,_binary '\0',NULL),(473,'Lorem ipsum.','2020-01-27 13:32:18',0,0,0,0,'4a74141e-c2c0-46a0-9c0c-84bef8be7d0f','www.scoop.com',3,0,'4a74141e-c2c0-46a0-9c0c-84bef8be7d0f','2020-01-27 13:32:18','UNRELEASED',1,0,_binary '\0',NULL),(474,'Lorem ipsum.','2020-01-27 13:38:06',0,0,0,0,'4a74141e-c2c0-46a0-9c0c-84bef8be7d0f','www.scoop.com',3,0,'4a74141e-c2c0-46a0-9c0c-84bef8be7d0f','2020-01-27 13:38:06','UNRELEASED',1,0,_binary '\0',NULL),(475,'scoop','2020-02-10 12:34:22',0,0,0,0,'8d411dc4-e76f-4d0e-a027-056a0bc43be5','www.scoop.com',4,0,'4a74141e-c2c0-46a0-9c0c-84bef8be7d0f','2020-02-10 12:34:22','UNRELEASED',3,0,_binary '\0',NULL),(476,'scoop','2020-02-10 12:35:41',0,0,0,0,'8d411dc4-e76f-4d0e-a027-056a0bc43be5','www.scoop.com',4,0,'4a74141e-c2c0-46a0-9c0c-84bef8be7d0f','2020-02-10 12:35:41','UNRELEASED',3,0,_binary '\0',NULL),(477,'Lorem ipsum dolor sit.','2020-02-10 12:39:29',0,0,0,0,'4a74141e-c2c0-46a0-9c0c-84bef8be7d0f','www.scoop.com',3,0,'4a74141e-c2c0-46a0-9c0c-84bef8be7d0f','2020-02-10 12:39:29','UNRELEASED',2,0,_binary '\0',NULL),(478,'Lorem ipsum.','2020-02-10 12:46:21',0,0,0,0,'4a74141e-c2c0-46a0-9c0c-84bef8be7d0f','www.com.com',3,0,'4a74141e-c2c0-46a0-9c0c-84bef8be7d0f','2020-02-10 12:46:21','UNRELEASED',2,0,_binary '\0',NULL),(479,'Lorem ipsum.','2020-02-10 12:49:08',0,0,0,0,'4a74141e-c2c0-46a0-9c0c-84bef8be7d0f','www.com.com',3,0,'4a74141e-c2c0-46a0-9c0c-84bef8be7d0f','2020-02-10 12:49:08','UNRELEASED',2,0,_binary '\0',NULL),(480,'Lorem ipsum.','2020-02-10 12:58:02',2147483647,0,0,0,'4a74141e-c2c0-46a0-9c0c-84bef8be7d0f','www.com.com',3,0,'4a74141e-c2c0-46a0-9c0c-84bef8be7d0f','2020-02-10 12:58:02','UNRELEASED',2,0,_binary '\0',NULL),(481,'Lorem ipsum.','2020-02-10 12:58:40',2147483647,0,0,0,'4a74141e-c2c0-46a0-9c0c-84bef8be7d0f','www.com.com',3,0,'4a74141e-c2c0-46a0-9c0c-84bef8be7d0f','2020-02-10 12:58:40','UNRELEASED',2,0,_binary '\0',NULL),(482,'Lorem ipsum.','2020-02-10 13:00:57',1581339657541,1581339657541,1581339657541,1581339657541,'4a74141e-c2c0-46a0-9c0c-84bef8be7d0f','www.com.com',3,0,'4a74141e-c2c0-46a0-9c0c-84bef8be7d0f','2020-02-10 13:00:57','UNRELEASED',2,0,_binary '\0',NULL),(483,'Lorem ipsum.','2020-02-10 13:22:58',1581340978291,1581340978291,1581340978291,1581340978291,'4a74141e-c2c0-46a0-9c0c-84bef8be7d0f','www.com.com',3,0,'4a74141e-c2c0-46a0-9c0c-84bef8be7d0f','2020-02-10 13:26:45','RELEASED',2,0,_binary '\0',NULL),(484,'lorem','2020-02-10 16:40:17',1581352816566,1581352816566,1581352816566,1581352816566,'4a74141e-c2c0-46a0-9c0c-84bef8be7d0f','www.scoop.com',3,0,'8d411dc4-e76f-4d0e-a027-056a0bc43be5','2020-02-10 16:40:17','UNRELEASED',1,0,_binary '\0',NULL),(485,'lorem','2020-02-10 16:41:41',1581352900908,1581352900908,1581352900908,1581352900908,'4a74141e-c2c0-46a0-9c0c-84bef8be7d0f','www.scoop.com',3,0,'8d411dc4-e76f-4d0e-a027-056a0bc43be5','2020-02-10 16:41:41','UNRELEASED',1,0,_binary '\0',NULL),(486,'Lorem ipsum dolor','2020-02-10 19:12:38',1581361957966,1581361957966,1581361957966,1581361957966,'4a74141e-c2c0-46a0-9c0c-84bef8be7d0f','www.scoop.com',4,0,'8d411dc4-e76f-4d0e-a027-056a0bc43be5','2020-02-10 19:12:38','UNRELEASED',2,0,_binary '\0',NULL),(487,'Lorem ipsum dolor','2020-02-10 19:17:38',1581362258480,1581362258480,1581362258480,1581362258480,'4a74141e-c2c0-46a0-9c0c-84bef8be7d0f','www.scoop.com',4,0,'8d411dc4-e76f-4d0e-a027-056a0bc43be5','2020-02-10 19:17:38','UNRELEASED',2,0,_binary '\0',NULL),(488,'Lorem ipsum dolor','2020-02-10 19:19:17',1581362357363,1581362357363,1581362357363,1581362357363,'4a74141e-c2c0-46a0-9c0c-84bef8be7d0f','www.scoop.com',4,0,'8d411dc4-e76f-4d0e-a027-056a0bc43be5','2020-02-10 19:19:17','UNRELEASED',2,0,_binary '\0',NULL),(489,'Lorem ipsum dolor','2020-02-10 19:20:03',1581362402711,1581362402711,1581362402711,1581362402711,'4a74141e-c2c0-46a0-9c0c-84bef8be7d0f','www.scoop.com',4,0,'8d411dc4-e76f-4d0e-a027-056a0bc43be5','2020-02-10 19:20:03','UNRELEASED',2,0,_binary '\0',NULL),(490,'Lorem ipsum dolor','2020-02-10 19:20:04',1581362404384,1581362404384,1581362404384,1581362404384,'4a74141e-c2c0-46a0-9c0c-84bef8be7d0f','www.scoop.com',4,0,'8d411dc4-e76f-4d0e-a027-056a0bc43be5','2020-02-10 19:20:04','UNRELEASED',2,0,_binary '\0',NULL),(491,'Lorem ipsum dolor','2020-02-10 19:20:05',1581362405395,1581362405395,1581362405395,1581362405395,'4a74141e-c2c0-46a0-9c0c-84bef8be7d0f','www.scoop.com',4,0,'8d411dc4-e76f-4d0e-a027-056a0bc43be5','2020-02-10 19:20:05','UNRELEASED',2,0,_binary '\0',NULL),(492,'SCOOP','2020-02-10 21:10:25',1581369024281,1581369024281,1581369024281,1581369024281,'4a74141e-c2c0-46a0-9c0c-84bef8be7d0f','www.scoop.com',3,0,'8d411dc4-e76f-4d0e-a027-056a0bc43be5','2020-02-10 21:10:25','UNRELEASED',2,0,_binary '\0',NULL),(493,'SCOOP','2020-02-10 21:10:43',1581369043583,1581369043583,1581369043583,1581369043583,'4a74141e-c2c0-46a0-9c0c-84bef8be7d0f','www.scoop.com',3,0,'8d411dc4-e76f-4d0e-a027-056a0bc43be5','2020-02-10 21:10:43','UNRELEASED',2,0,_binary '\0',NULL),(494,'SCOOP','2020-02-10 21:10:44',1581369043736,1581369043736,1581369043736,1581369043736,'4a74141e-c2c0-46a0-9c0c-84bef8be7d0f','www.scoop.com',3,0,'8d411dc4-e76f-4d0e-a027-056a0bc43be5','2020-02-10 21:10:44','UNRELEASED',2,0,_binary '\0',NULL),(495,'SCOOP','2020-02-10 21:10:44',1581369043875,1581369043875,1581369043875,1581369043875,'4a74141e-c2c0-46a0-9c0c-84bef8be7d0f','www.scoop.com',3,0,'8d411dc4-e76f-4d0e-a027-056a0bc43be5','2020-02-10 21:10:44','UNRELEASED',2,0,_binary '\0',NULL),(496,'SCOOP','2020-02-10 21:10:44',1581369044013,1581369044013,1581369044013,1581369044013,'4a74141e-c2c0-46a0-9c0c-84bef8be7d0f','www.scoop.com',3,0,'8d411dc4-e76f-4d0e-a027-056a0bc43be5','2020-02-10 21:10:44','UNRELEASED',2,0,_binary '\0',NULL),(497,'SCOOP','2020-02-10 21:10:44',1581369044160,1581369044160,1581369044160,1581369044160,'4a74141e-c2c0-46a0-9c0c-84bef8be7d0f','www.scoop.com',3,0,'8d411dc4-e76f-4d0e-a027-056a0bc43be5','2020-02-10 21:10:44','UNRELEASED',2,0,_binary '\0',NULL),(498,'Spooky shit','2020-02-15 08:22:31',1581754950994,1581754950994,1581754950994,1581754950994,'8d411dc4-e76f-4d0e-a027-056a0bc43be5','www.vca.com',3,0,'4a74141e-c2c0-46a0-9c0c-84bef8be7d0f','2020-02-15 08:22:31','UNRELEASED',2,0,_binary '\0',NULL);
/*!40000 ALTER TABLE `poolevents` ENABLE KEYS */;
UNLOCK TABLES;

--
-- Table structure for table `roles`
--

DROP TABLE IF EXISTS `roles`;
/*!40101 SET @saved_cs_client     = @@character_set_client */;
/*!50503 SET character_set_client = utf8mb4 */;
CREATE TABLE `roles` (
  `idroles` int(11) NOT NULL AUTO_INCREMENT,
  `role` varchar(45) NOT NULL,
  `user_id` varchar(128) NOT NULL,
  PRIMARY KEY (`idroles`)
) ENGINE=InnoDB AUTO_INCREMENT=15 DEFAULT CHARSET=utf8mb4 COLLATE=utf8mb4_0900_ai_ci;
/*!40101 SET character_set_client = @saved_cs_client */;

--
-- Dumping data for table `roles`
--

LOCK TABLES `roles` WRITE;
/*!40000 ALTER TABLE `roles` DISABLE KEYS */;
INSERT INTO `roles` VALUES (12,'supporter','4a74141e-c2c0-46a0-9c0c-84bef8be7d0f'),(13,'admin','4a74141e-c2c0-46a0-9c0c-84bef8be7d0f'),(14,'supporter','8d411dc4-e76f-4d0e-a027-056a0bc43be5');
/*!40000 ALTER TABLE `roles` ENABLE KEYS */;
UNLOCK TABLES;

--
-- Table structure for table `users`
--

DROP TABLE IF EXISTS `users`;
/*!40101 SET @saved_cs_client     = @@character_set_client */;
/*!50503 SET character_set_client = utf8mb4 */;
CREATE TABLE `users` (
  `id` varchar(128) NOT NULL,
  `first_name` varchar(45) DEFAULT NULL,
  `last_name` varchar(45) DEFAULT NULL,
  `created_at` timestamp NOT NULL DEFAULT CURRENT_TIMESTAMP,
  `edited_at` timestamp NOT NULL DEFAULT CURRENT_TIMESTAMP ON UPDATE CURRENT_TIMESTAMP,
  `email_address` varchar(50) DEFAULT NULL,
  `age` int(11) DEFAULT NULL,
  `access_token` text,
  `full_name` varchar(45) DEFAULT NULL,
  `verfied` tinyint(4) NOT NULL DEFAULT '1',
  `refresh_token` text,
  PRIMARY KEY (`id`)
) ENGINE=InnoDB DEFAULT CHARSET=utf8mb4 COLLATE=utf8mb4_0900_ai_ci;
/*!40101 SET character_set_client = @saved_cs_client */;

--
-- Dumping data for table `users`
--

LOCK TABLES `users` WRITE;
/*!40000 ALTER TABLE `users` DISABLE KEYS */;
INSERT INTO `users` VALUES ('4a74141e-c2c0-46a0-9c0c-84bef8be7d0f','Doe','John','2020-01-11 13:46:16','2020-02-15 08:20:42',NULL,NULL,'7af98a2fdaea1a23cbbf5907','John Doe',1,'cced582e508d219fa301bdad'),('8d411dc4-e76f-4d0e-a027-056a0bc43be5','waves','dev','2020-01-11 21:27:23','2020-02-15 10:04:27',NULL,NULL,'10d1b9af9cc21805e43579f4','dev waves',1,'14a06b64e395960be4c1f72d');
/*!40000 ALTER TABLE `users` ENABLE KEYS */;
UNLOCK TABLES;

--
-- Table structure for table `votes`
--

DROP TABLE IF EXISTS `votes`;
/*!40101 SET @saved_cs_client     = @@character_set_client */;
/*!50503 SET character_set_client = utf8mb4 */;
CREATE TABLE `votes` (
  `id` int(11) NOT NULL AUTO_INCREMENT,
  `user_id` varchar(128) NOT NULL,
  `created_at` timestamp NOT NULL DEFAULT CURRENT_TIMESTAMP,
  `comment_id` int(11) NOT NULL,
  PRIMARY KEY (`id`),
  UNIQUE KEY `u_user_id_comment_id` (`user_id`,`comment_id`),
  KEY `fk_uservote_id_idx` (`user_id`),
  KEY `fk_votecomment_id_idx` (`comment_id`),
  CONSTRAINT `fk_votecomment_id` FOREIGN KEY (`comment_id`) REFERENCES `comments` (`id`)
) ENGINE=InnoDB AUTO_INCREMENT=135 DEFAULT CHARSET=utf8mb4 COLLATE=utf8mb4_0900_ai_ci;
/*!40101 SET character_set_client = @saved_cs_client */;

--
-- Dumping data for table `votes`
--

LOCK TABLES `votes` WRITE;
/*!40000 ALTER TABLE `votes` DISABLE KEYS */;
INSERT INTO `votes` VALUES (127,'8d411dc4-e76f-4d0e-a027-056a0bc43be5','2020-01-12 11:06:28',140),(128,'4a74141e-c2c0-46a0-9c0c-84bef8be7d0f','2020-01-13 17:44:27',140),(129,'4a74141e-c2c0-46a0-9c0c-84bef8be7d0f','2020-01-21 21:17:58',142),(130,'4a74141e-c2c0-46a0-9c0c-84bef8be7d0f','2020-01-23 20:20:08',150),(131,'4a74141e-c2c0-46a0-9c0c-84bef8be7d0f','2020-02-06 11:00:49',156),(132,'8d411dc4-e76f-4d0e-a027-056a0bc43be5','2020-02-09 11:14:38',157),(133,'8d411dc4-e76f-4d0e-a027-056a0bc43be5','2020-02-10 19:08:17',158),(134,'4a74141e-c2c0-46a0-9c0c-84bef8be7d0f','2020-02-12 21:24:06',159);
/*!40000 ALTER TABLE `votes` ENABLE KEYS */;
UNLOCK TABLES;
/*!40103 SET TIME_ZONE=@OLD_TIME_ZONE */;

/*!40101 SET SQL_MODE=@OLD_SQL_MODE */;
/*!40014 SET FOREIGN_KEY_CHECKS=@OLD_FOREIGN_KEY_CHECKS */;
/*!40014 SET UNIQUE_CHECKS=@OLD_UNIQUE_CHECKS */;
/*!40101 SET CHARACTER_SET_CLIENT=@OLD_CHARACTER_SET_CLIENT */;
/*!40101 SET CHARACTER_SET_RESULTS=@OLD_CHARACTER_SET_RESULTS */;
/*!40101 SET COLLATION_CONNECTION=@OLD_COLLATION_CONNECTION */;
/*!40111 SET SQL_NOTES=@OLD_SQL_NOTES */;

-- Dump completed on 2020-02-15 11:21:41
